arquivo_csv,quantidade_itens,capacidade_peso,capacidade_volume,tempo_medio_dp,tempo_medio_bt,tempo_medio_bb,razao_tempo_bt_sobre_dp,razao_tempo_bb_sobre_dp,razao_tempo_bb_sobre_bt
100a600.csv,100.0,100.0,100.0,"0,0024","0,0022","0,00071","0,9","0,29","0,33"
100a600.csv,100.0,100.0,200.0,"0,0039","0,0027","0,0008","0,69","0,2","0,29"
100a600.csv,100.0,100.0,300.0,"0,0033","0,0013","0,00053","0,38","0,16","0,42"
100a600.csv,100.0,100.0,400.0,"0,0037","0,0016","0,00037","0,44","0,1","0,23"
100a600.csv,100.0,100.0,500.0,"0,0039","0,0021","0,0009","0,52","0,23","0,44"
100a600.csv,100.0,200.0,100.0,"0,0041","0,0036","0,00092","0,87","0,22","0,26"
100a600.csv,100.0,200.0,200.0,"0,0053","0,0031","0,0011","0,58","0,22","0,37"
100a600.csv,100.0,200.0,300.0,"0,0059","0,0031","0,00066","0,52","0,11","0,21"
100a600.csv,100.0,200.0,400.0,"0,012","0,0042","0,00051","0,36","0,044","0,12"
100a600.csv,100.0,200.0,500.0,"0,0046","0,0016","0,00041","0,35","0,09","0,25"
100a600.csv,100.0,300.0,100.0,"0,0032","0,0016","0,00062","0,5","0,19","0,38"
100a600.csv,100.0,300.0,200.0,"0,0062","0,0031","0,0011","0,49","0,17","0,34"
100a600.csv,100.0,300.0,300.0,"0,0051","0,0018","0,00051","0,35","0,1","0,29"
100a600.csv,100.0,300.0,400.0,"0,0067","0,0023","0,00061","0,34","0,091","0,27"
100a600.csv,100.0,300.0,500.0,"0,0052","0,0018","0,0006","0,34","0,11","0,34"
100a600.csv,100.0,400.0,100.0,"0,0054","0,0024","0,00049","0,44","0,091","0,21"
100a600.csv,100.0,400.0,200.0,"0,0059","0,0018","0,00061","0,29","0,1","0,35"
100a600.csv,100.0,400.0,300.0,"0,0082","0,0028","0,00067","0,35","0,083","0,24"
100a600.csv,100.0,400.0,400.0,"0,0098","0,0022","0,00033","0,23","0,034","0,15"
100a600.csv,100.0,400.0,500.0,"0,0043","0,0017","0,00064","0,4","0,15","0,37"
100a600.csv,100.0,500.0,100.0,"0,0078","0,0042","0,0012","0,54","0,15","0,28"
100a600.csv,100.0,500.0,200.0,"0,0085","0,0043","0,00095","0,5","0,11","0,22"
100a600.csv,100.0,500.0,300.0,"0,0093","0,003","0,00079","0,33","0,086","0,26"
100a600.csv,100.0,500.0,400.0,"0,0099","0,0029","0,001","0,3","0,1","0,34"
100a600.csv,100.0,500.0,500.0,"0,0044","0,0016","0,0006","0,37","0,14","0,37"
100a600.csv,200.0,100.0,100.0,"0,01","0,11","0,013","10,7740","1,2797","0,12"
100a600.csv,200.0,100.0,200.0,"0,016","0,11","0,02","6,8322","1,2289","0,18"
100a600.csv,200.0,100.0,300.0,"0,021","0,099","0,011","4,8171","0,53","0,11"
100a600.csv,200.0,100.0,400.0,"0,032","0,11","0,021","3,6081","0,65","0,18"
100a600.csv,200.0,100.0,500.0,"0,045","0,24","0,027","5,2084","0,58","0,11"
100a600.csv,200.0,200.0,100.0,"0,019","0,33","0,029","17,1482","1,4971","0,087"
100a600.csv,200.0,200.0,200.0,"0,033","0,12","0,025","3,6070","0,75","0,21"
100a600.csv,200.0,200.0,300.0,"0,038","0,09","0,023","2,3436","0,6","0,26"
100a600.csv,200.0,200.0,400.0,"0,044","0,069","0,012","1,5572","0,26","0,17"
100a600.csv,200.0,200.0,500.0,"0,081","0,13","0,024","1,6383","0,3","0,18"
100a600.csv,200.0,300.0,100.0,"0,018","0,051","0,0098","2,8224","0,54","0,19"
100a600.csv,200.0,300.0,200.0,"0,037","0,26","0,032","7,0460","0,87","0,12"
100a600.csv,200.0,300.0,300.0,"0,052","0,15","0,033","2,8131","0,63","0,22"
100a600.csv,200.0,300.0,400.0,"0,062","0,069","0,0096","1,1136","0,15","0,14"
100a600.csv,200.0,300.0,500.0,"0,14","0,16","0,018","1,1848","0,13","0,11"
100a600.csv,200.0,400.0,100.0,"0,023","0,061","0,01","2,6463","0,45","0,17"
100a600.csv,200.0,400.0,200.0,"0,043","0,1","0,024","2,4124","0,55","0,23"
100a600.csv,200.0,400.0,300.0,"0,069","0,14","0,024","2,0907","0,35","0,17"
100a600.csv,200.0,400.0,400.0,"0,11","0,13","0,033","1,1636","0,3","0,26"
100a600.csv,200.0,400.0,500.0,"0,17","0,2","0,031","1,1275","0,18","0,16"
100a600.csv,200.0,500.0,100.0,"0,038","0,096","0,022","2,4987","0,57","0,23"
100a600.csv,200.0,500.0,200.0,"0,056","0,099","0,011","1,7732","0,19","0,11"
100a600.csv,200.0,500.0,300.0,"0,1","0,11","0,02","1,0456","0,19","0,19"
100a600.csv,200.0,500.0,400.0,"0,19","0,13","0,022","0,71","0,12","0,16"
100a600.csv,200.0,500.0,500.0,"0,24","0,21","0,042","0,85","0,17","0,2"
100a600.csv,300.0,100.0,100.0,"0,022","2,7396","0,19","125,5688","8,6084","0,069"
100a600.csv,300.0,100.0,200.0,"0,033","0,86","0,13","26,2300","3,8400","0,15"
100a600.csv,300.0,100.0,300.0,"0,05","1,6414","0,23","32,8842","4,5979","0,14"
100a600.csv,300.0,100.0,400.0,"0,084","1,1412","0,3","13,5823","3,5680","0,26"
100a600.csv,300.0,100.0,500.0,"0,092","1,2741","0,17","13,9033","1,8478","0,13"
100a600.csv,300.0,200.0,100.0,"0,035","3,1302","0,18","89,5509","5,1676","0,058"
100a600.csv,300.0,200.0,200.0,"0,08","1,9924","0,31","24,8986","3,9060","0,16"
100a600.csv,300.0,200.0,300.0,"0,12","2,4258","0,37","20,6789","3,1320","0,15"
100a600.csv,300.0,200.0,400.0,"0,19","4,3146","0,32","22,8920","1,7058","0,075"
100a600.csv,300.0,200.0,500.0,"0,18","1,9222","0,28","10,5658","1,5216","0,14"
100a600.csv,300.0,300.0,100.0,"0,05","1,8905","0,21","37,8736","4,1592","0,11"
100a600.csv,300.0,300.0,200.0,"0,11","1,5794","0,21","14,0459","1,8551","0,13"
100a600.csv,300.0,300.0,300.0,"0,14","1,0775","0,16","7,7455","1,1834","0,15"
100a600.csv,300.0,300.0,400.0,"0,24","1,5264","0,19","6,3799","0,8","0,12"
100a600.csv,300.0,300.0,500.0,"0,43","1,3139","0,21","3,0781","0,49","0,16"
100a600.csv,300.0,400.0,100.0,"0,063","2,1972","0,23","34,9091","3,7108","0,11"
100a600.csv,300.0,400.0,200.0,"0,16","2,8190","0,25","17,8629","1,5716","0,088"
100a600.csv,300.0,400.0,300.0,"0,24","1,7384","0,19","7,1053","0,8","0,11"
100a600.csv,300.0,400.0,400.0,"0,36","1,7347","0,2","4,8739","0,57","0,12"
100a600.csv,300.0,400.0,500.0,"0,69","6,3355","0,35","9,1372","0,51","0,056"
100a600.csv,300.0,500.0,100.0,"0,08","1,3376","0,17","16,8070","2,1519","0,13"
100a600.csv,300.0,500.0,200.0,"0,24","1,6917","0,27","7,1521","1,1337","0,16"
100a600.csv,300.0,500.0,300.0,"0,26","1,4874","0,3","5,6249","1,1194","0,2"
100a600.csv,300.0,500.0,400.0,"0,49","2,1005","0,29","4,2595","0,58","0,14"
100a600.csv,300.0,500.0,500.0,"0,8","1,6827","0,23","2,1084","0,29","0,14"
100a600.csv,400.0,100.0,100.0,"0,035","11,4634","0,94","331,4846","27,0534","0,082"
100a600.csv,400.0,100.0,200.0,"0,056","10,4280","1,2935","185,1602","22,9679","0,12"
100a600.csv,400.0,100.0,300.0,"0,11","40,8587","3,5055","375,0505","32,1774","0,086"
100a600.csv,400.0,100.0,400.0,"0,13","9,2037","0,92","70,1605","6,9828","0,1"
100a600.csv,400.0,100.0,500.0,"0,18","19,9798","3,1653","108,5957","17,2045","0,16"
100a600.csv,400.0,200.0,100.0,"0,063","41,9067","4,5362","668,9915","72,4154","0,11"
100a600.csv,400.0,200.0,200.0,"0,13","14,4491","1,9518","109,8330","14,8362","0,14"
100a600.csv,400.0,200.0,300.0,"0,2","10,1400","1,8044","50,1391","8,9222","0,18"
100a600.csv,400.0,200.0,400.0,"0,32","12,4610","1,9558","38,9377","6,1116","0,16"
100a600.csv,400.0,200.0,500.0,"0,45","18,4996","1,5399","40,9352","3,4074","0,083"
100a600.csv,400.0,300.0,100.0,"0,093","15,2600","1,5598","163,9016","16,7536","0,1"
100a600.csv,400.0,300.0,200.0,"0,16","18,7368","1,6221","117,8638","10,2037","0,087"
100a600.csv,400.0,300.0,300.0,"0,29","13,5828","1,2821","46,5113","4,3902","0,094"
100a600.csv,400.0,300.0,400.0,"0,58","21,1209","1,3413","36,1409","2,2952","0,064"
100a600.csv,400.0,300.0,500.0,"0,7","8,5610","0,74","12,2008","1,0489","0,086"
100a600.csv,400.0,400.0,100.0,"0,15","20,8046","2,2840","137,3649","15,0802","0,11"
100a600.csv,400.0,400.0,200.0,"0,26","9,8648","1,1240","38,3006","4,3638","0,11"
100a600.csv,400.0,400.0,300.0,"0,52","47,9998","6,1809","91,5753","11,7921","0,13"
100a600.csv,400.0,400.0,400.0,"1,0399","31,1554","1,4997","29,9596","1,4421","0,048"
100a600.csv,400.0,400.0,500.0,"1,5335","22,7179","2,4170","14,8146","1,5761","0,11"
100a600.csv,400.0,500.0,100.0,"0,15","10,5853","0,78","69,5558","5,1210","0,074"
100a600.csv,400.0,500.0,200.0,"0,36","33,5050","1,2449","93,2057","3,4631","0,037"
100a600.csv,400.0,500.0,300.0,"0,93","26,6543","2,7965","28,6632","3,0072","0,1"
100a600.csv,400.0,500.0,400.0,"1,3643","26,1252","3,5587","19,1495","2,6085","0,14"
100a600.csv,400.0,500.0,500.0,"1,7542","19,4468","2,8428","11,0857","1,6205","0,15"
100a600.csv,500.0,100.0,100.0,"0,042","34,5330","3,1293","827,2115","74,9597","0,091"
100a600.csv,500.0,100.0,200.0,"0,079","67,1344","6,9975","847,7894","88,3659","0,1"
100a600.csv,500.0,100.0,300.0,"0,15","70,3651","11,3684","468,8782","75,7532","0,16"
100a600.csv,500.0,100.0,400.0,"0,2","88,5676","7,0132","435,6682","34,4984","0,079"
100a600.csv,500.0,100.0,500.0,"0,25","51,5023","5,5877","206,9594","22,4540","0,11"
100a600.csv,500.0,200.0,100.0,"0,097","78,4299","7,2442","806,8227","74,5220","0,092"
100a600.csv,500.0,200.0,200.0,"0,19","126,5538","15,6823","650,6535","80,6277","0,12"
100a600.csv,500.0,200.0,300.0,"0,23","53,7837","6,3472","228,9461","27,0189","0,12"
100a600.csv,500.0,200.0,400.0,"0,35","84,4519","8,1436","242,5946","23,3931","0,096"
100a600.csv,500.0,200.0,500.0,"0,45","43,9753","11,5626","97,7520","25,7024","0,26"
100a600.csv,500.0,300.0,100.0,"0,12","137,3689","4,8933","1141,8187","40,6738","0,036"
100a600.csv,500.0,300.0,200.0,"0,29","171,3729","8,1526","588,1975","27,9820","0,048"
100a600.csv,500.0,300.0,300.0,"0,52","194,4178","10,8692","371,3006","20,7582","0,056"
100a600.csv,500.0,300.0,400.0,"0,78","187,2320","26,1988","239,9244","33,5719","0,14"
100a600.csv,500.0,300.0,500.0,"0,7","108,5853","7,3252","155,3851","10,4823","0,067"
100a600.csv,500.0,400.0,100.0,"0,15","55,8382","5,6349","369,9992","37,3387","0,1"
100a600.csv,500.0,400.0,200.0,"0,26","45,3014","6,5046","173,5704","24,9220","0,14"
100a600.csv,500.0,400.0,300.0,"0,49","220,6239","6,9671","453,5266","14,3220","0,032"
100a600.csv,500.0,400.0,400.0,"0,74","100,8444","17,4116","135,8074","23,4482","0,17"
100a600.csv,500.0,400.0,500.0,"1,2335","146,4009","15,9020","118,6842","12,8914","0,11"
100a600.csv,500.0,500.0,100.0,"0,21","98,6033","6,8928","475,8277","33,2626","0,07"
100a600.csv,500.0,500.0,200.0,"0,46","172,2416","17,3954","374,6697","37,8394","0,1"
100a600.csv,500.0,500.0,300.0,"0,84","68,8537","14,5126","82,0773","17,2998","0,21"
100a600.csv,500.0,500.0,400.0,"1,5420","179,6648","12,8542","116,5114","8,3359","0,072"
100a600.csv,500.0,500.0,500.0,"1,9229","97,0820","12,5329","50,4861","6,5175","0,13"
100a600.csv,600.0,100.0,100.0,"0,059","221,1529","13,7618","3777,2092","235,0456","0,062"
100a600.csv,600.0,100.0,200.0,"0,13","481,5764","20,9546","3728,7252","162,2461","0,044"
100a600.csv,600.0,100.0,300.0,"0,17","365,5566","31,1787","2204,7412","188,0448","0,085"
100a600.csv,600.0,100.0,400.0,"0,29","421,2200","37,1106","1427,9289","125,8043","0,088"
100a600.csv,600.0,100.0,500.0,"0,33","450,9552","44,2530","1354,5855","132,9278","0,098"
100a600.csv,600.0,200.0,100.0,"0,11","192,9416","20,5519","1766,5290","188,1687","0,11"
100a600.csv,600.0,200.0,200.0,"0,18","382,0099","24,3133","2101,1317","133,7278","0,064"
100a600.csv,600.0,200.0,300.0,"0,25","147,4280","33,6554","581,0269","132,6388","0,23"
100a600.csv,600.0,200.0,400.0,"0,35","316,3783","41,0309","892,1082","115,6969","0,13"
100a600.csv,600.0,200.0,500.0,"0,42","126,1575","15,6347","302,7521","37,5201","0,12"
100a600.csv,600.0,300.0,100.0,"0,13","226,5087","19,4930","1742,8492","149,9869","0,086"
100a600.csv,600.0,300.0,200.0,"0,22","606,9826","25,6339","2801,1501","118,2972","0,042"
100a600.csv,600.0,300.0,300.0,"0,33","635,1426","67,6443","1925,6086","205,0822","0,11"
100a600.csv,600.0,300.0,400.0,"0,48","253,2831","28,0511","524,4907","58,0873","0,11"
100a600.csv,600.0,300.0,500.0,"0,79","306,8193","41,6608","389,0718","52,8293","0,14"
100a600.csv,600.0,400.0,100.0,"0,16","85,3400","11,1719","548,1501","71,7587","0,13"
CSV_300itens_aumento_de_peso_e_volume.csv,100.0,1000.0,1000.0,"0,0073","0,0016","0,00056","0,22","0,077","0,34"
CSV_300itens_aumento_de_peso_e_volume.csv,100.0,1000.0,100000.0,"0,014","0,0047","0,0012","0,33","0,083","0,25"
CSV_300itens_aumento_de_peso_e_volume.csv,100.0,1000.0,1000000.0,"0,0066","0,0026","0,00067","0,4","0,1","0,25"
CSV_300itens_aumento_de_peso_e_volume.csv,100.0,1000.0,10000000.0,"0,0099","0,0035","0,00078","0,35","0,079","0,22"
CSV_300itens_aumento_de_peso_e_volume.csv,100.0,1000.0,100000000.0,"0,0068","0,0023","0,00079","0,34","0,12","0,34"
CSV_300itens_aumento_de_peso_e_volume.csv,100.0,1000.0,1000000000.0,"0,017","0,0032","0,00065","0,19","0,037","0,2"
CSV_300itens_aumento_de_peso_e_volume.csv,100.0,100000.0,1000.0,"0,0082","0,0022","0,0008","0,27","0,098","0,36"
CSV_300itens_aumento_de_peso_e_volume.csv,100.0,100000.0,100000.0,"0,015","0,0049","0,0011","0,33","0,076","0,23"
CSV_300itens_aumento_de_peso_e_volume.csv,100.0,100000.0,1000000.0,"0,015","0,003","0,00073","0,2","0,048","0,24"
CSV_300itens_aumento_de_peso_e_volume.csv,100.0,100000.0,10000000.0,"0,01","0,003","0,00086","0,29","0,084","0,29"
CSV_300itens_aumento_de_peso_e_volume.csv,100.0,100000.0,100000000.0,"0,0067","0,0024","0,00045","0,36","0,067","0,19"
CSV_300itens_aumento_de_peso_e_volume.csv,100.0,100000.0,1000000000.0,"0,0089","0,0028","0,001","0,31","0,11","0,36"
CSV_300itens_aumento_de_peso_e_volume.csv,100.0,1000000.0,1000.0,"0,012","0,0032","0,00094","0,27","0,08","0,29"
CSV_300itens_aumento_de_peso_e_volume.csv,100.0,1000000.0,100000.0,"0,0058","0,002","0,00059","0,34","0,1","0,3"
CSV_300itens_aumento_de_peso_e_volume.csv,100.0,1000000.0,1000000.0,"0,0083","0,0028","0,0006","0,34","0,072","0,22"
CSV_300itens_aumento_de_peso_e_volume.csv,100.0,1000000.0,10000000.0,"0,0069","0,0024","0,00056","0,35","0,081","0,23"
CSV_300itens_aumento_de_peso_e_volume.csv,100.0,1000000.0,100000000.0,"0,0089","0,0025","0,00043","0,28","0,049","0,18"
CSV_300itens_aumento_de_peso_e_volume.csv,100.0,1000000.0,1000000000.0,"0,012","0,0037","0,00068","0,3","0,056","0,19"
CSV_300itens_aumento_de_peso_e_volume.csv,100.0,10000000.0,1000.0,"0,0044","0,0017","0,00064","0,38","0,14","0,38"
CSV_300itens_aumento_de_peso_e_volume.csv,100.0,10000000.0,100000.0,"0,0075","0,003","0,00074","0,4","0,098","0,24"
CSV_300itens_aumento_de_peso_e_volume.csv,100.0,10000000.0,1000000.0,"0,019","0,0032","0,00083","0,17","0,044","0,26"
CSV_300itens_aumento_de_peso_e_volume.csv,100.0,10000000.0,10000000.0,"0,0043","0,0015","0,00064","0,34","0,15","0,43"
CSV_300itens_aumento_de_peso_e_volume.csv,100.0,10000000.0,100000000.0,"0,0069","0,0025","0,00063","0,36","0,091","0,26"
CSV_300itens_aumento_de_peso_e_volume.csv,100.0,10000000.0,1000000000.0,"0,01","0,0036","0,00069","0,35","0,067","0,19"
CSV_300itens_aumento_de_peso_e_volume.csv,100.0,100000000.0,1000.0,"0,0079","0,002","0,00073","0,26","0,093","0,37"
CSV_300itens_aumento_de_peso_e_volume.csv,100.0,100000000.0,100000.0,"0,013","0,0029","0,00099","0,22","0,075","0,34"
CSV_300itens_aumento_de_peso_e_volume.csv,100.0,100000000.0,1000000.0,"0,0067","0,0032","0,00038","0,48","0,056","0,12"
CSV_300itens_aumento_de_peso_e_volume.csv,100.0,100000000.0,10000000.0,"0,0082","0,0034","0,0009","0,42","0,11","0,26"
CSV_300itens_aumento_de_peso_e_volume.csv,100.0,100000000.0,100000000.0,"0,044","0,0062","0,00084","0,14","0,019","0,13"
CSV_300itens_aumento_de_peso_e_volume.csv,100.0,100000000.0,1000000000.0,"0,005","0,0019","0,00089","0,37","0,18","0,47"
CSV_300itens_aumento_de_peso_e_volume.csv,100.0,1000000000.0,1000.0,"0,0075","0,0033","0,0011","0,44","0,15","0,35"
CSV_300itens_aumento_de_peso_e_volume.csv,100.0,1000000000.0,100000.0,"0,011","0,0033","0,00091","0,31","0,085","0,27"
CSV_300itens_aumento_de_peso_e_volume.csv,100.0,1000000000.0,1000000.0,"0,0076","0,0024","0,00041","0,32","0,055","0,17"
CSV_300itens_aumento_de_peso_e_volume.csv,100.0,1000000000.0,10000000.0,"0,0065","0,0021","0,00057","0,32","0,088","0,27"
CSV_300itens_aumento_de_peso_e_volume.csv,100.0,1000000000.0,100000000.0,"0,014","0,0042","0,0013","0,29","0,088","0,3"
CSV_300itens_aumento_de_peso_e_volume.csv,100.0,1000000000.0,1000000000.0,"0,01","0,0038","0,001","0,37","0,098","0,27"
CSV_300itens_aumento_de_peso_e_volume.csv,200.0,1000.0,1000.0,"0,31","0,13","0,026","0,42","0,085","0,2"
CSV_300itens_aumento_de_peso_e_volume.csv,200.0,1000.0,100000.0,"0,37","0,3","0,037","0,81","0,1","0,12"
CSV_300itens_aumento_de_peso_e_volume.csv,200.0,1000.0,1000000.0,"0,4","0,14","0,031","0,36","0,077","0,22"
CSV_300itens_aumento_de_peso_e_volume.csv,200.0,1000.0,10000000.0,"0,36","0,12","0,027","0,32","0,075","0,23"
CSV_300itens_aumento_de_peso_e_volume.csv,200.0,1000.0,100000000.0,"0,7","0,12","0,015","0,17","0,022","0,13"
CSV_300itens_aumento_de_peso_e_volume.csv,200.0,1000.0,1000000000.0,"14,1097","0,098","0,021","0,007","0,0015","0,21"
CSV_300itens_aumento_de_peso_e_volume.csv,200.0,100000.0,1000.0,"0,22","0,085","0,015","0,39","0,069","0,18"
CSV_300itens_aumento_de_peso_e_volume.csv,200.0,100000.0,100000.0,"0,28","0,18","0,022","0,64","0,08","0,12"
CSV_300itens_aumento_de_peso_e_volume.csv,200.0,100000.0,1000000.0,"0,38","0,11","0,023","0,3","0,059","0,2"
CSV_300itens_aumento_de_peso_e_volume.csv,200.0,100000.0,10000000.0,"0,3","0,052","0,013","0,18","0,044","0,25"
CSV_300itens_aumento_de_peso_e_volume.csv,200.0,100000.0,100000000.0,"0,56","0,18","0,034","0,32","0,06","0,19"
CSV_300itens_aumento_de_peso_e_volume.csv,200.0,100000.0,1000000000.0,"3,5060","0,061","0,012","0,017","0,0035","0,2"
CSV_300itens_aumento_de_peso_e_volume.csv,200.0,1000000.0,1000.0,"0,25","0,15","0,029","0,6","0,12","0,19"
CSV_300itens_aumento_de_peso_e_volume.csv,200.0,1000000.0,100000.0,"0,3","0,082","0,012","0,27","0,04","0,14"
CSV_300itens_aumento_de_peso_e_volume.csv,200.0,1000000.0,1000000.0,"0,39","0,2","0,027","0,53","0,07","0,13"
CSV_300itens_aumento_de_peso_e_volume.csv,200.0,1000000.0,10000000.0,"0,58","0,22","0,033","0,37","0,057","0,15"
CSV_300itens_aumento_de_peso_e_volume.csv,200.0,1000000.0,100000000.0,"0,59","0,067","0,014","0,11","0,024","0,21"
CSV_300itens_aumento_de_peso_e_volume.csv,200.0,1000000.0,1000000000.0,"5,8728","0,15","0,021","0,026","0,0036","0,14"
CSV_300itens_aumento_de_peso_e_volume.csv,200.0,10000000.0,1000.0,"0,29","0,19","0,03","0,64","0,1","0,16"
CSV_300itens_aumento_de_peso_e_volume.csv,200.0,10000000.0,100000.0,"0,37","0,33","0,02","0,88","0,054","0,061"
CSV_300itens_aumento_de_peso_e_volume.csv,200.0,10000000.0,1000000.0,"0,32","0,14","0,019","0,45","0,059","0,13"
CSV_300itens_aumento_de_peso_e_volume.csv,200.0,10000000.0,10000000.0,"0,3","0,15","0,03","0,5","0,099","0,2"
CSV_300itens_aumento_de_peso_e_volume.csv,200.0,10000000.0,100000000.0,"0,54","0,16","0,022","0,3","0,042","0,14"
CSV_300itens_aumento_de_peso_e_volume.csv,200.0,10000000.0,1000000000.0,"4,1857","0,14","0,029","0,033","0,0069","0,21"
CSV_300itens_aumento_de_peso_e_volume.csv,200.0,100000000.0,1000.0,"0,27","0,24","0,036","0,87","0,13","0,15"
CSV_300itens_aumento_de_peso_e_volume.csv,200.0,100000000.0,100000.0,"0,29","0,13","0,034","0,44","0,12","0,27"
CSV_300itens_aumento_de_peso_e_volume.csv,200.0,100000000.0,1000000.0,"0,32","0,15","0,026","0,46","0,083","0,18"
CSV_300itens_aumento_de_peso_e_volume.csv,200.0,100000000.0,10000000.0,"0,29","0,1","0,019","0,37","0,066","0,18"
CSV_300itens_aumento_de_peso_e_volume.csv,200.0,100000000.0,100000000.0,"0,49","0,13","0,03","0,27","0,062","0,23"
CSV_300itens_aumento_de_peso_e_volume.csv,200.0,100000000.0,1000000000.0,"3,4325","0,067","0,017","0,02","0,005","0,25"
CSV_300itens_aumento_de_peso_e_volume.csv,200.0,1000000000.0,1000.0,"0,25","0,086","0,022","0,34","0,09","0,26"
CSV_300itens_aumento_de_peso_e_volume.csv,200.0,1000000000.0,100000.0,"0,35","0,092","0,013","0,26","0,037","0,14"
CSV_300itens_aumento_de_peso_e_volume.csv,200.0,1000000000.0,1000000.0,"0,32","0,22","0,026","0,71","0,082","0,12"
CSV_300itens_aumento_de_peso_e_volume.csv,200.0,1000000000.0,10000000.0,"0,31","0,13","0,029","0,42","0,095","0,22"
CSV_300itens_aumento_de_peso_e_volume.csv,200.0,1000000000.0,100000000.0,"0,53","0,14","0,036","0,26","0,069","0,26"
CSV_300itens_aumento_de_peso_e_volume.csv,200.0,1000000000.0,1000000000.0,"5,0426","0,13","0,027","0,026","0,0053","0,21"
CSV_300itens_aumento_de_peso_e_volume.csv,300.0,1000.0,1000.0,"0,76","1,8347","0,25","2,4065","0,32","0,13"
CSV_300itens_aumento_de_peso_e_volume.csv,300.0,1000.0,100000.0,"0,68","2,8424","0,36","4,1905","0,53","0,13"
CSV_300itens_aumento_de_peso_e_volume.csv,300.0,1000.0,1000000.0,"0,46","2,6645","0,27","5,7576","0,59","0,1"
CSV_300itens_aumento_de_peso_e_volume.csv,300.0,1000.0,10000000.0,"0,66","4,9139","0,36","7,4769","0,55","0,074"
CSV_300itens_aumento_de_peso_e_volume.csv,300.0,1000.0,100000000.0,"0,85","1,0430","0,25","1,2331","0,3","0,24"
CSV_300itens_aumento_de_peso_e_volume.csv,300.0,1000.0,1000000000.0,"8,4105","1,3154","0,19","0,16","0,022","0,14"
CSV_300itens_aumento_de_peso_e_volume.csv,300.0,100000.0,1000.0,"0,53","3,1468","0,53","5,9635","1,0002","0,17"
CSV_300itens_aumento_de_peso_e_volume.csv,300.0,100000.0,100000.0,"0,49","3,7771","0,39","7,6998","0,8","0,1"
CSV_300itens_aumento_de_peso_e_volume.csv,300.0,100000.0,1000000.0,"0,43","2,4985","0,3","5,8043","0,7","0,12"
CSV_300itens_aumento_de_peso_e_volume.csv,300.0,100000.0,10000000.0,"0,51","2,6304","0,43","5,2033","0,85","0,16"
CSV_300itens_aumento_de_peso_e_volume.csv,300.0,100000.0,100000000.0,"0,96","1,6928","0,28","1,7578","0,29","0,17"
CSV_300itens_aumento_de_peso_e_volume.csv,300.0,100000.0,1000000000.0,"8,8409","1,2909","0,16","0,15","0,018","0,13"
CSV_300itens_aumento_de_peso_e_volume.csv,300.0,1000000.0,1000.0,"0,49","1,8757","0,29","3,8118","0,58","0,15"
CSV_300itens_aumento_de_peso_e_volume.csv,300.0,1000000.0,100000.0,"0,48","2,5180","0,43","5,2130","0,89","0,17"
CSV_300itens_aumento_de_peso_e_volume.csv,300.0,1000000.0,1000000.0,"0,49","1,0635","0,16","2,1624","0,33","0,15"
CSV_300itens_aumento_de_peso_e_volume.csv,300.0,1000000.0,10000000.0,"0,47","1,8483","0,38","3,9296","0,82","0,21"
CSV_300itens_aumento_de_peso_e_volume.csv,300.0,1000000.0,100000000.0,"0,93","2,1191","0,25","2,2824","0,27","0,12"
CSV_300itens_aumento_de_peso_e_volume.csv,300.0,1000000.0,1000000000.0,"10,4779","3,0063","0,35","0,29","0,033","0,12"
CSV_300itens_aumento_de_peso_e_volume.csv,300.0,10000000.0,1000.0,"0,47","1,1742","0,25","2,4801","0,52","0,21"
CSV_300itens_aumento_de_peso_e_volume.csv,300.0,10000000.0,100000.0,"0,48","1,5880","0,18","3,3116","0,37","0,11"
CSV_300itens_aumento_de_peso_e_volume.csv,300.0,10000000.0,1000000.0,"0,55","1,9943","0,3","3,6261","0,54","0,15"
CSV_300itens_aumento_de_peso_e_volume.csv,300.0,10000000.0,10000000.0,"0,6","1,9244","0,34","3,1827","0,56","0,17"
CSV_300itens_aumento_de_peso_e_volume.csv,300.0,10000000.0,100000000.0,"0,87","1,7421","0,26","1,9923","0,29","0,15"
CSV_300itens_aumento_de_peso_e_volume.csv,300.0,10000000.0,1000000000.0,"8,1802","1,2742","0,18","0,16","0,022","0,14"
CSV_300itens_aumento_de_peso_e_volume.csv,300.0,100000000.0,1000.0,"0,47","1,7965","0,33","3,7966","0,7","0,18"
CSV_300itens_aumento_de_peso_e_volume.csv,300.0,100000000.0,100000.0,"0,51","1,4921","0,31","2,9035","0,6","0,21"
CSV_300itens_aumento_de_peso_e_volume.csv,300.0,100000000.0,1000000.0,"0,51","5,0847","0,3","9,9547","0,6","0,06"
CSV_300itens_aumento_de_peso_e_volume.csv,300.0,100000000.0,10000000.0,"0,47","1,2038","0,25","2,5552","0,53","0,21"
CSV_300itens_aumento_de_peso_e_volume.csv,300.0,100000000.0,100000000.0,1,"2,6420","0,48","2,6428","0,48","0,18"
CSV_300itens_aumento_de_peso_e_volume.csv,300.0,100000000.0,1000000000.0,"10,4196","2,3792","0,29","0,23","0,028","0,12"
CSV_300itens_aumento_de_peso_e_volume.csv,300.0,1000000000.0,1000.0,"0,47","1,9204","0,29","4,0743","0,61","0,15"
CSV_300itens_aumento_de_peso_e_volume.csv,300.0,1000000000.0,100000.0,"0,48","2,1311","0,42","4,4323","0,88","0,2"
CSV_300itens_aumento_de_peso_e_volume.csv,300.0,1000000000.0,1000000.0,"0,55","3,5056","0,33","6,3458","0,6","0,094"
CSV_300itens_aumento_de_peso_e_volume.csv,300.0,1000000000.0,10000000.0,"0,5","1,3266","0,26","2,6603","0,51","0,19"
CSV_300itens_aumento_de_peso_e_volume.csv,300.0,1000000000.0,100000000.0,"0,83","2,0431","0,37","2,4474","0,45","0,18"
CSV_300itens_aumento_de_peso_e_volume.csv,300.0,1000000000.0,1000000000.0,"10,7134","3,2880","0,43","0,31","0,041","0,13"
bb_dp_combinacoes_1000_nwp.csv,100.0,100.0,100.0,"0,0018",,"0,0005",,"0,28",
bb_dp_combinacoes_1000_nwp.csv,100.0,100.0,200.0,"0,003",,"0,00064",,"0,21",
bb_dp_combinacoes_1000_nwp.csv,100.0,100.0,300.0,"0,0038",,"0,00052",,"0,14",
bb_dp_combinacoes_1000_nwp.csv,100.0,100.0,400.0,"0,0051",,"0,00056",,"0,11",
bb_dp_combinacoes_1000_nwp.csv,100.0,100.0,500.0,"0,0034",,"0,00062",,"0,18",
bb_dp_combinacoes_1000_nwp.csv,100.0,100.0,600.0,"0,0048",,"0,00084",,"0,17",
bb_dp_combinacoes_1000_nwp.csv,100.0,100.0,700.0,"0,0051",,"0,00099",,"0,19",
bb_dp_combinacoes_1000_nwp.csv,100.0,100.0,800.0,"0,0033",,"0,00037",,"0,11",
bb_dp_combinacoes_1000_nwp.csv,100.0,100.0,900.0,"0,004",,"0,00052",,"0,13",
bb_dp_combinacoes_1000_nwp.csv,100.0,100.0,1000.0,"0,0063",,"0,00048",,"0,077",
bb_dp_combinacoes_1000_nwp.csv,100.0,200.0,100.0,"0,0027",,"0,00074",,"0,28",
bb_dp_combinacoes_1000_nwp.csv,100.0,200.0,200.0,"0,0041",,"0,00077",,"0,19",
bb_dp_combinacoes_1000_nwp.csv,100.0,200.0,300.0,"0,0036",,"0,00057",,"0,16",
bb_dp_combinacoes_1000_nwp.csv,100.0,200.0,400.0,"0,0045",,"0,00048",,"0,11",
bb_dp_combinacoes_1000_nwp.csv,100.0,200.0,500.0,"0,0074",,"0,00092",,"0,12",
bb_dp_combinacoes_1000_nwp.csv,100.0,200.0,600.0,"0,0031",,"0,00062",,"0,2",
bb_dp_combinacoes_1000_nwp.csv,100.0,200.0,700.0,"0,0049",,"0,0011",,"0,22",
bb_dp_combinacoes_1000_nwp.csv,100.0,200.0,800.0,"0,013",,"0,0009",,"0,07",
bb_dp_combinacoes_1000_nwp.csv,100.0,200.0,900.0,"0,0093",,"0,00072",,"0,078",
bb_dp_combinacoes_1000_nwp.csv,100.0,200.0,1000.0,"0,0069",,"0,00068",,"0,098",
bb_dp_combinacoes_1000_nwp.csv,100.0,300.0,100.0,"0,0034",,"0,00054",,"0,16",
bb_dp_combinacoes_1000_nwp.csv,100.0,300.0,200.0,"0,0064",,"0,0012",,"0,18",
bb_dp_combinacoes_1000_nwp.csv,100.0,300.0,300.0,"0,0063",,"0,00055",,"0,087",
bb_dp_combinacoes_1000_nwp.csv,100.0,300.0,400.0,"0,0045",,"0,00058",,"0,13",
bb_dp_combinacoes_1000_nwp.csv,100.0,300.0,500.0,"0,0065",,"0,00066",,"0,1",
bb_dp_combinacoes_1000_nwp.csv,100.0,300.0,600.0,"0,006",,"0,00097",,"0,16",
bb_dp_combinacoes_1000_nwp.csv,100.0,300.0,700.0,"0,0052",,"0,00055",,"0,11",
bb_dp_combinacoes_1000_nwp.csv,100.0,300.0,800.0,"0,0092",,"0,00086",,"0,094",
bb_dp_combinacoes_1000_nwp.csv,100.0,300.0,900.0,"0,011",,"0,00092",,"0,081",
bb_dp_combinacoes_1000_nwp.csv,100.0,300.0,1000.0,"0,0066",,"0,0008",,"0,12",
bb_dp_combinacoes_1000_nwp.csv,100.0,400.0,100.0,"0,003",,"0,0005",,"0,17",
bb_dp_combinacoes_1000_nwp.csv,100.0,400.0,200.0,"0,0045",,"0,00055",,"0,12",
bb_dp_combinacoes_1000_nwp.csv,100.0,400.0,300.0,"0,0066",,"0,00081",,"0,12",
bb_dp_combinacoes_1000_nwp.csv,100.0,400.0,400.0,"0,004",,"0,0006",,"0,15",
bb_dp_combinacoes_1000_nwp.csv,100.0,400.0,500.0,"0,0066",,"0,00046",,"0,07",
bb_dp_combinacoes_1000_nwp.csv,100.0,400.0,600.0,"0,009",,"0,0008",,"0,088",
bb_dp_combinacoes_1000_nwp.csv,100.0,400.0,700.0,"0,005",,"0,00037",,"0,074",
bb_dp_combinacoes_1000_nwp.csv,100.0,400.0,800.0,"0,0086",,"0,0006",,"0,07",
bb_dp_combinacoes_1000_nwp.csv,100.0,400.0,900.0,"0,0054",,"0,00057",,"0,11",
bb_dp_combinacoes_1000_nwp.csv,100.0,400.0,1000.0,"0,011",,"0,00041",,"0,036",
bb_dp_combinacoes_1000_nwp.csv,100.0,500.0,100.0,"0,0044",,"0,00056",,"0,13",
bb_dp_combinacoes_1000_nwp.csv,100.0,500.0,200.0,"0,0042",,"0,00069",,"0,16",
bb_dp_combinacoes_1000_nwp.csv,100.0,500.0,300.0,"0,0045",,"0,00051",,"0,12",
bb_dp_combinacoes_1000_nwp.csv,100.0,500.0,400.0,"0,0049",,"0,00057",,"0,12",
bb_dp_combinacoes_1000_nwp.csv,100.0,500.0,500.0,"0,007",,"0,00092",,"0,13",
bb_dp_combinacoes_1000_nwp.csv,100.0,500.0,600.0,"0,0052",,"0,00074",,"0,14",
bb_dp_combinacoes_1000_nwp.csv,100.0,500.0,700.0,"0,005",,"0,00062",,"0,12",
bb_dp_combinacoes_1000_nwp.csv,100.0,500.0,800.0,"0,016",,"0,00045",,"0,027",
bb_dp_combinacoes_1000_nwp.csv,100.0,500.0,900.0,"0,006",,"0,00042",,"0,07",
bb_dp_combinacoes_1000_nwp.csv,100.0,500.0,1000.0,"0,0051",,"0,00058",,"0,11",
bb_dp_combinacoes_1000_nwp.csv,100.0,600.0,100.0,"0,0052",,"0,0005",,"0,097",
bb_dp_combinacoes_1000_nwp.csv,100.0,600.0,200.0,"0,0071",,"0,0013",,"0,18",
bb_dp_combinacoes_1000_nwp.csv,100.0,600.0,300.0,"0,004",,"0,00045",,"0,11",
bb_dp_combinacoes_1000_nwp.csv,100.0,600.0,400.0,"0,0085",,"0,0009",,"0,11",
bb_dp_combinacoes_1000_nwp.csv,100.0,600.0,500.0,"0,0068",,"0,00059",,"0,087",
bb_dp_combinacoes_1000_nwp.csv,100.0,600.0,600.0,"0,0054",,"0,00071",,"0,13",
bb_dp_combinacoes_1000_nwp.csv,100.0,600.0,700.0,"0,0046",,"0,00049",,"0,11",
bb_dp_combinacoes_1000_nwp.csv,100.0,600.0,800.0,"0,01",,"0,0011",,"0,11",
bb_dp_combinacoes_1000_nwp.csv,100.0,600.0,900.0,"0,0085",,"0,00051",,"0,06",
bb_dp_combinacoes_1000_nwp.csv,100.0,600.0,1000.0,"0,0055",,"0,00065",,"0,12",
bb_dp_combinacoes_1000_nwp.csv,100.0,700.0,100.0,"0,004",,"0,0004",,"0,1",
bb_dp_combinacoes_1000_nwp.csv,100.0,700.0,200.0,"0,0091",,"0,00099",,"0,11",
bb_dp_combinacoes_1000_nwp.csv,100.0,700.0,300.0,"0,008",,"0,00077",,"0,096",
bb_dp_combinacoes_1000_nwp.csv,100.0,700.0,400.0,"0,0098",,"0,0006",,"0,061",
bb_dp_combinacoes_1000_nwp.csv,100.0,700.0,500.0,"0,0079",,"0,0005",,"0,063",
bb_dp_combinacoes_1000_nwp.csv,100.0,700.0,600.0,"0,012",,"0,00055",,"0,047",
bb_dp_combinacoes_1000_nwp.csv,100.0,700.0,700.0,"0,014",,"0,00071",,"0,052",
bb_dp_combinacoes_1000_nwp.csv,100.0,700.0,800.0,"0,009",,"0,0014",,"0,16",
bb_dp_combinacoes_1000_nwp.csv,100.0,700.0,900.0,"0,0077",,"0,00049",,"0,064",
bb_dp_combinacoes_1000_nwp.csv,100.0,700.0,1000.0,"0,0061",,"0,00071",,"0,12",
bb_dp_combinacoes_1000_nwp.csv,100.0,800.0,100.0,"0,008",,"0,0008",,"0,099",
bb_dp_combinacoes_1000_nwp.csv,100.0,800.0,200.0,"0,0039",,"0,00042",,"0,11",
bb_dp_combinacoes_1000_nwp.csv,100.0,800.0,300.0,"0,0085",,"0,00065",,"0,077",
bb_dp_combinacoes_1000_nwp.csv,100.0,800.0,400.0,"0,0054",,"0,00084",,"0,15",
bb_dp_combinacoes_1000_nwp.csv,100.0,800.0,500.0,"0,0076",,"0,00053",,"0,07",
bb_dp_combinacoes_1000_nwp.csv,100.0,800.0,600.0,"0,011",,"0,00072",,"0,068",
bb_dp_combinacoes_1000_nwp.csv,100.0,800.0,700.0,"0,0074",,"0,00077",,"0,1",
bb_dp_combinacoes_1000_nwp.csv,100.0,800.0,800.0,"0,0082",,"0,00069",,"0,084",
bb_dp_combinacoes_1000_nwp.csv,100.0,800.0,900.0,"0,0089",,"0,00092",,"0,1",
bb_dp_combinacoes_1000_nwp.csv,100.0,800.0,1000.0,"0,0083",,"0,00086",,"0,1",
bb_dp_combinacoes_1000_nwp.csv,100.0,900.0,100.0,"0,0042",,"0,00065",,"0,15",
bb_dp_combinacoes_1000_nwp.csv,100.0,900.0,200.0,"0,0063",,"0,0008",,"0,13",
bb_dp_combinacoes_1000_nwp.csv,100.0,900.0,300.0,"0,0028",,"0,00049",,"0,17",
bb_dp_combinacoes_1000_nwp.csv,100.0,900.0,400.0,"0,024",,"0,00096",,"0,04",
bb_dp_combinacoes_1000_nwp.csv,100.0,900.0,500.0,"0,018",,"0,0012",,"0,064",
bb_dp_combinacoes_1000_nwp.csv,100.0,900.0,600.0,"0,015",,"0,00087",,"0,058",
bb_dp_combinacoes_1000_nwp.csv,100.0,900.0,700.0,"0,0062",,"0,00069",,"0,11",
bb_dp_combinacoes_1000_nwp.csv,100.0,900.0,800.0,"0,0075",,"0,00064",,"0,086",
bb_dp_combinacoes_1000_nwp.csv,100.0,900.0,900.0,"0,0075",,"0,00068",,"0,091",
bb_dp_combinacoes_1000_nwp.csv,100.0,900.0,1000.0,"0,018",,"0,00066",,"0,036",
bb_dp_combinacoes_1000_nwp.csv,100.0,1000.0,100.0,"0,011",,"0,00084",,"0,079",
bb_dp_combinacoes_1000_nwp.csv,100.0,1000.0,200.0,"0,02",,"0,00075",,"0,038",
bb_dp_combinacoes_1000_nwp.csv,100.0,1000.0,300.0,"0,0082",,"0,0011",,"0,13",
bb_dp_combinacoes_1000_nwp.csv,100.0,1000.0,400.0,"0,013",,"0,00097",,"0,077",
bb_dp_combinacoes_1000_nwp.csv,100.0,1000.0,500.0,"0,011",,"0,00072",,"0,067",
bb_dp_combinacoes_1000_nwp.csv,100.0,1000.0,600.0,"0,014",,"0,00059",,"0,042",
bb_dp_combinacoes_1000_nwp.csv,100.0,1000.0,700.0,"0,0092",,"0,00089",,"0,097",
bb_dp_combinacoes_1000_nwp.csv,100.0,1000.0,800.0,"0,0087",,"0,00074",,"0,085",
bb_dp_combinacoes_1000_nwp.csv,100.0,1000.0,900.0,"0,023",,"0,0012",,"0,053",
bb_dp_combinacoes_1000_nwp.csv,100.0,1000.0,1000.0,"0,014",,"0,0012",,"0,088",
bb_dp_combinacoes_1000_nwp.csv,200.0,100.0,100.0,"0,015",,"0,023",,"1,5671",
bb_dp_combinacoes_1000_nwp.csv,200.0,100.0,200.0,"0,018",,"0,017",,"0,94",
bb_dp_combinacoes_1000_nwp.csv,200.0,100.0,300.0,"0,021",,"0,017",,"0,81",
bb_dp_combinacoes_1000_nwp.csv,200.0,100.0,400.0,"0,026",,"0,015",,"0,56",
bb_dp_combinacoes_1000_nwp.csv,200.0,100.0,500.0,"0,037",,"0,02",,"0,55",
bb_dp_combinacoes_1000_nwp.csv,200.0,100.0,600.0,"0,047",,"0,031",,"0,66",
bb_dp_combinacoes_1000_nwp.csv,200.0,100.0,700.0,"0,055",,"0,033",,"0,59",
bb_dp_combinacoes_1000_nwp.csv,200.0,100.0,800.0,"0,051",,"0,022",,"0,43",
bb_dp_combinacoes_1000_nwp.csv,200.0,100.0,900.0,"0,061",,"0,014",,"0,23",
bb_dp_combinacoes_1000_nwp.csv,200.0,100.0,1000.0,"0,068",,"0,031",,"0,45",
bb_dp_combinacoes_1000_nwp.csv,200.0,200.0,100.0,"0,018",,"0,021",,"1,1833",
bb_dp_combinacoes_1000_nwp.csv,200.0,200.0,200.0,"0,028",,"0,02",,"0,7",
bb_dp_combinacoes_1000_nwp.csv,200.0,200.0,300.0,"0,04",,"0,012",,"0,3",
bb_dp_combinacoes_1000_nwp.csv,200.0,200.0,400.0,"0,052",,"0,026",,"0,5",
bb_dp_combinacoes_1000_nwp.csv,200.0,200.0,500.0,"0,096",,"0,029",,"0,3",
bb_dp_combinacoes_1000_nwp.csv,200.0,200.0,600.0,"0,096",,"0,03",,"0,31",
bb_dp_combinacoes_1000_nwp.csv,200.0,200.0,700.0,"0,13",,"0,039",,"0,3",
bb_dp_combinacoes_1000_nwp.csv,200.0,200.0,800.0,"0,11",,"0,015",,"0,14",
bb_dp_combinacoes_1000_nwp.csv,200.0,200.0,900.0,"0,19",,"0,028",,"0,15",
bb_dp_combinacoes_1000_nwp.csv,200.0,200.0,1000.0,"0,24",,"0,041",,"0,17",
bb_dp_combinacoes_1000_nwp.csv,200.0,300.0,100.0,"0,045",,"0,048",,"1,0871",
bb_dp_combinacoes_1000_nwp.csv,200.0,300.0,200.0,"0,071",,"0,043",,"0,61",
bb_dp_combinacoes_1000_nwp.csv,200.0,300.0,300.0,"0,099",,"0,03",,"0,31",
bb_dp_combinacoes_1000_nwp.csv,200.0,300.0,400.0,"0,11",,"0,03",,"0,28",
bb_dp_combinacoes_1000_nwp.csv,200.0,300.0,500.0,"0,14",,"0,036",,"0,25",
bb_dp_combinacoes_1000_nwp.csv,200.0,300.0,600.0,"0,19",,"0,039",,"0,2",
bb_dp_combinacoes_1000_nwp.csv,200.0,300.0,700.0,"0,2",,"0,051",,"0,25",
bb_dp_combinacoes_1000_nwp.csv,200.0,300.0,800.0,"0,26",,"0,07",,"0,27",
bb_dp_combinacoes_1000_nwp.csv,200.0,300.0,900.0,"0,22",,"0,036",,"0,16",
bb_dp_combinacoes_1000_nwp.csv,200.0,300.0,1000.0,"0,22",,"0,034",,"0,16",
bb_dp_combinacoes_1000_nwp.csv,200.0,400.0,100.0,"0,044",,"0,028",,"0,63",
bb_dp_combinacoes_1000_nwp.csv,200.0,400.0,200.0,"0,11",,"0,08",,"0,75",
bb_dp_combinacoes_1000_nwp.csv,200.0,400.0,300.0,"0,12",,"0,032",,"0,26",
bb_dp_combinacoes_1000_nwp.csv,200.0,400.0,400.0,"0,13",,"0,021",,"0,16",
bb_dp_combinacoes_1000_nwp.csv,200.0,400.0,500.0,"0,13",,"0,018",,"0,14",
bb_dp_combinacoes_1000_nwp.csv,200.0,400.0,600.0,"0,15",,"0,031",,"0,2",
bb_dp_combinacoes_1000_nwp.csv,200.0,400.0,700.0,"0,15",,"0,017",,"0,11",
bb_dp_combinacoes_1000_nwp.csv,200.0,400.0,800.0,"0,2",,"0,031",,"0,16",
bb_dp_combinacoes_1000_nwp.csv,200.0,400.0,900.0,"0,14",,"0,015",,"0,11",
bb_dp_combinacoes_1000_nwp.csv,200.0,400.0,1000.0,"0,12",,"0,019",,"0,15",
bb_dp_combinacoes_1000_nwp.csv,200.0,500.0,100.0,"0,026",,"0,013",,"0,51",
bb_dp_combinacoes_1000_nwp.csv,200.0,500.0,200.0,"0,074",,"0,037",,"0,5",
bb_dp_combinacoes_1000_nwp.csv,200.0,500.0,300.0,"0,082",,"0,021",,"0,25",
bb_dp_combinacoes_1000_nwp.csv,200.0,500.0,400.0,"0,15",,"0,025",,"0,17",
bb_dp_combinacoes_1000_nwp.csv,200.0,500.0,500.0,"0,11",,"0,028",,"0,26",
bb_dp_combinacoes_1000_nwp.csv,200.0,500.0,600.0,"0,13",,"0,041",,"0,3",
bb_dp_combinacoes_1000_nwp.csv,200.0,500.0,700.0,"0,26",,"0,035",,"0,13",
bb_dp_combinacoes_1000_nwp.csv,200.0,500.0,800.0,"0,22",,"0,014",,"0,062",
bb_dp_combinacoes_1000_nwp.csv,200.0,500.0,900.0,"0,13",,"0,015",,"0,12",
bb_dp_combinacoes_1000_nwp.csv,200.0,500.0,1000.0,"0,28",,"0,024",,"0,085",
bb_dp_combinacoes_1000_nwp.csv,200.0,600.0,100.0,"0,033",,"0,014",,"0,44",
bb_dp_combinacoes_1000_nwp.csv,200.0,600.0,200.0,"0,065",,"0,018",,"0,27",
bb_dp_combinacoes_1000_nwp.csv,200.0,600.0,300.0,"0,11",,"0,02",,"0,19",
bb_dp_combinacoes_1000_nwp.csv,200.0,600.0,400.0,"0,15",,"0,034",,"0,22",
bb_dp_combinacoes_1000_nwp.csv,200.0,600.0,500.0,"0,15",,"0,023",,"0,15",
bb_dp_combinacoes_1000_nwp.csv,200.0,600.0,600.0,"0,18",,"0,017",,"0,097",
bb_dp_combinacoes_1000_nwp.csv,200.0,600.0,700.0,"0,25",,"0,016",,"0,063",
bb_dp_combinacoes_1000_nwp.csv,200.0,600.0,800.0,"0,26",,"0,032",,"0,12",
bb_dp_combinacoes_1000_nwp.csv,200.0,600.0,900.0,"0,23",,"0,027",,"0,12",
bb_dp_combinacoes_1000_nwp.csv,200.0,600.0,1000.0,"0,56",,"0,049",,"0,088",
bb_dp_combinacoes_1000_nwp.csv,200.0,700.0,100.0,"0,048",,"0,025",,"0,52",
bb_dp_combinacoes_1000_nwp.csv,200.0,700.0,200.0,"0,096",,"0,028",,"0,29",
bb_dp_combinacoes_1000_nwp.csv,200.0,700.0,300.0,"0,14",,"0,027",,"0,2",
bb_dp_combinacoes_1000_nwp.csv,200.0,700.0,400.0,"0,16",,"0,018",,"0,11",
bb_dp_combinacoes_1000_nwp.csv,200.0,700.0,500.0,"0,27",,"0,014",,"0,051",
bb_dp_combinacoes_1000_nwp.csv,200.0,700.0,600.0,"0,18",,"0,018",,"0,099",
bb_dp_combinacoes_1000_nwp.csv,200.0,700.0,700.0,"0,23",,"0,013",,"0,058",
bb_dp_combinacoes_1000_nwp.csv,200.0,700.0,800.0,"0,2",,"0,032",,"0,16",
bb_dp_combinacoes_1000_nwp.csv,200.0,700.0,900.0,"0,45",,"0,054",,"0,12",
bb_dp_combinacoes_1000_nwp.csv,200.0,700.0,1000.0,"0,32",,"0,061",,"0,19",
bb_dp_combinacoes_1000_nwp.csv,200.0,800.0,100.0,"0,063",,"0,025",,"0,4",
bb_dp_combinacoes_1000_nwp.csv,200.0,800.0,200.0,"0,11",,"0,024",,"0,21",
bb_dp_combinacoes_1000_nwp.csv,200.0,800.0,300.0,"0,2",,"0,075",,"0,37",
bb_dp_combinacoes_1000_nwp.csv,200.0,800.0,400.0,"0,15",,"0,038",,"0,26",
bb_dp_combinacoes_1000_nwp.csv,200.0,800.0,500.0,"0,24",,"0,027",,"0,11",
bb_dp_combinacoes_1000_nwp.csv,200.0,800.0,600.0,"0,37",,"0,039",,"0,1",
bb_dp_combinacoes_1000_nwp.csv,200.0,800.0,700.0,"0,32",,"0,026",,"0,081",
bb_dp_combinacoes_1000_nwp.csv,200.0,800.0,800.0,"0,23",,"0,014",,"0,061",
bb_dp_combinacoes_1000_nwp.csv,200.0,800.0,900.0,"0,34",,"0,036",,"0,11",
bb_dp_combinacoes_1000_nwp.csv,200.0,800.0,1000.0,"0,27",,"0,028",,"0,11",
bb_dp_combinacoes_1000_nwp.csv,200.0,900.0,100.0,"0,035",,"0,012",,"0,35",
bb_dp_combinacoes_1000_nwp.csv,200.0,900.0,200.0,"0,071",,"0,024",,"0,34",
bb_dp_combinacoes_1000_nwp.csv,200.0,900.0,300.0,"0,079",,"0,016",,"0,21",
bb_dp_combinacoes_1000_nwp.csv,200.0,900.0,400.0,"0,23",,"0,03",,"0,13",
bb_dp_combinacoes_1000_nwp.csv,200.0,900.0,500.0,"0,13",,"0,014",,"0,11",
bb_dp_combinacoes_1000_nwp.csv,200.0,900.0,600.0,"0,2",,"0,025",,"0,13",
bb_dp_combinacoes_1000_nwp.csv,200.0,900.0,700.0,"0,22",,"0,011",,"0,053",
bb_dp_combinacoes_1000_nwp.csv,200.0,900.0,800.0,"0,18",,"0,019",,"0,1",
bb_dp_combinacoes_1000_nwp.csv,200.0,900.0,900.0,"0,16",,"0,026",,"0,17",
bb_dp_combinacoes_1000_nwp.csv,200.0,900.0,1000.0,"0,31",,"0,021",,"0,068",
bb_dp_combinacoes_1000_nwp.csv,200.0,1000.0,100.0,"0,042",,"0,015",,"0,35",
bb_dp_combinacoes_1000_nwp.csv,200.0,1000.0,200.0,"0,13",,"0,028",,"0,23",
bb_dp_combinacoes_1000_nwp.csv,200.0,1000.0,300.0,"0,077",,"0,013",,"0,17",
bb_dp_combinacoes_1000_nwp.csv,200.0,1000.0,400.0,"0,19",,"0,017",,"0,088",
bb_dp_combinacoes_1000_nwp.csv,200.0,1000.0,500.0,"0,22",,"0,035",,"0,16",
bb_dp_combinacoes_1000_nwp.csv,200.0,1000.0,600.0,"0,25",,"0,019",,"0,078",
bb_dp_combinacoes_1000_nwp.csv,200.0,1000.0,700.0,"0,27",,"0,027",,"0,1",
bb_dp_combinacoes_1000_nwp.csv,200.0,1000.0,800.0,"0,21",,"0,02",,"0,093",
bb_dp_combinacoes_1000_nwp.csv,200.0,1000.0,900.0,"0,22",,"0,0092",,"0,042",
bb_dp_combinacoes_1000_nwp.csv,200.0,1000.0,1000.0,"0,2",,"0,014",,"0,071",
bb_dp_combinacoes_1000_nwp.csv,300.0,100.0,100.0,"0,021",,"0,14",,"6,7446",
bb_dp_combinacoes_1000_nwp.csv,300.0,100.0,200.0,"0,029",,"0,15",,"5,2540",
bb_dp_combinacoes_1000_nwp.csv,300.0,100.0,300.0,"0,041",,"0,15",,"3,6037",
bb_dp_combinacoes_1000_nwp.csv,300.0,100.0,400.0,"0,061",,"0,2",,"3,3159",
bb_dp_combinacoes_1000_nwp.csv,300.0,100.0,500.0,"0,082",,"0,16",,"2,0078",
bb_dp_combinacoes_1000_nwp.csv,300.0,100.0,600.0,"0,11",,"0,28",,"2,6530",
bb_dp_combinacoes_1000_nwp.csv,300.0,100.0,700.0,"0,12",,"0,35",,"3,0361",
bb_dp_combinacoes_1000_nwp.csv,300.0,100.0,800.0,"0,16",,"0,33",,"2,0370",
bb_dp_combinacoes_1000_nwp.csv,300.0,100.0,900.0,"0,19",,"0,39",,"2,0305",
bb_dp_combinacoes_1000_nwp.csv,300.0,100.0,1000.0,"0,29",,"0,29",,"1,0197",
bb_dp_combinacoes_1000_nwp.csv,300.0,200.0,100.0,"0,042",,"0,15",,"3,6779",
bb_dp_combinacoes_1000_nwp.csv,300.0,200.0,200.0,"0,07",,"0,18",,"2,6053",
bb_dp_combinacoes_1000_nwp.csv,300.0,200.0,300.0,"0,18",,"0,66",,"3,7749",
bb_dp_combinacoes_1000_nwp.csv,300.0,200.0,400.0,"0,4",,"0,73",,"1,8449",
bb_dp_combinacoes_1000_nwp.csv,300.0,200.0,500.0,"0,28",,"0,45",,"1,5662",
bb_dp_combinacoes_1000_nwp.csv,300.0,200.0,600.0,"0,35",,"0,69",,"1,9919",
bb_dp_combinacoes_1000_nwp.csv,300.0,200.0,700.0,"0,35",,"0,55",,"1,6030",
bb_dp_combinacoes_1000_nwp.csv,300.0,200.0,800.0,"0,28",,"0,18",,"0,65",
bb_dp_combinacoes_1000_nwp.csv,300.0,200.0,900.0,"0,29",,"0,25",,"0,86",
bb_dp_combinacoes_1000_nwp.csv,300.0,200.0,1000.0,"0,31",,"0,33",,"1,0388",
bb_dp_combinacoes_1000_nwp.csv,300.0,300.0,100.0,"0,048",,"0,47",,"9,7696",
bb_dp_combinacoes_1000_nwp.csv,300.0,300.0,200.0,"0,077",,"0,19",,"2,4497",
bb_dp_combinacoes_1000_nwp.csv,300.0,300.0,300.0,"0,13",,"0,19",,"1,4922",
bb_dp_combinacoes_1000_nwp.csv,300.0,300.0,400.0,"0,18",,"0,22",,"1,2757",
bb_dp_combinacoes_1000_nwp.csv,300.0,300.0,500.0,"0,24",,"0,24",,"0,98",
bb_dp_combinacoes_1000_nwp.csv,300.0,300.0,600.0,"0,27",,"0,23",,"0,85",
bb_dp_combinacoes_1000_nwp.csv,300.0,300.0,700.0,"0,33",,"0,29",,"0,88",
bb_dp_combinacoes_1000_nwp.csv,300.0,300.0,800.0,"0,4",,"0,2",,"0,51",
bb_dp_combinacoes_1000_nwp.csv,300.0,300.0,900.0,"0,48",,"0,36",,"0,74",
bb_dp_combinacoes_1000_nwp.csv,300.0,300.0,1000.0,"0,43",,"0,24",,"0,56",
bb_dp_combinacoes_1000_nwp.csv,300.0,400.0,100.0,"0,064",,"0,25",,"3,8756",
bb_dp_combinacoes_1000_nwp.csv,300.0,400.0,200.0,"0,11",,"0,17",,"1,5218",
bb_dp_combinacoes_1000_nwp.csv,300.0,400.0,300.0,"0,15",,"0,25",,"1,6596",
bb_dp_combinacoes_1000_nwp.csv,300.0,400.0,400.0,"0,17",,"0,19",,"1,1285",
bb_dp_combinacoes_1000_nwp.csv,300.0,400.0,500.0,"0,35",,"0,15",,"0,42",
bb_dp_combinacoes_1000_nwp.csv,300.0,400.0,600.0,"0,45",,"0,21",,"0,46",
bb_dp_combinacoes_1000_nwp.csv,300.0,400.0,700.0,"0,49",,"0,58",,"1,1948",
bb_dp_combinacoes_1000_nwp.csv,300.0,400.0,800.0,"0,65",,"0,34",,"0,52",
bb_dp_combinacoes_1000_nwp.csv,300.0,400.0,900.0,"0,82",,"0,33",,"0,4",
bb_dp_combinacoes_1000_nwp.csv,300.0,400.0,1000.0,"0,76",,"0,18",,"0,23",
bb_dp_combinacoes_1000_nwp.csv,300.0,500.0,100.0,"0,063",,"0,33",,"5,1525",
bb_dp_combinacoes_1000_nwp.csv,300.0,500.0,200.0,"0,13",,"0,22",,"1,6986",
bb_dp_combinacoes_1000_nwp.csv,300.0,500.0,300.0,"0,17",,"0,16",,"0,97",
bb_dp_combinacoes_1000_nwp.csv,300.0,500.0,400.0,"0,37",,"0,2",,"0,55",
bb_dp_combinacoes_1000_nwp.csv,300.0,500.0,500.0,"0,32",,"0,25",,"0,76",
bb_dp_combinacoes_1000_nwp.csv,300.0,500.0,600.0,"0,54",,"0,24",,"0,45",
bb_dp_combinacoes_1000_nwp.csv,300.0,500.0,700.0,"0,45",,"0,24",,"0,54",
bb_dp_combinacoes_1000_nwp.csv,300.0,500.0,800.0,"0,56",,"0,21",,"0,37",
bb_dp_combinacoes_1000_nwp.csv,300.0,500.0,900.0,"0,56",,"0,61",,"1,0825",
bb_dp_combinacoes_1000_nwp.csv,300.0,500.0,1000.0,"0,53",,"0,22",,"0,41",
bb_dp_combinacoes_1000_nwp.csv,300.0,600.0,100.0,"0,067",,"0,18",,"2,6355",
bb_dp_combinacoes_1000_nwp.csv,300.0,600.0,200.0,"0,14",,"0,19",,"1,3679",
bb_dp_combinacoes_1000_nwp.csv,300.0,600.0,300.0,"0,18",,"0,11",,"0,64",
bb_dp_combinacoes_1000_nwp.csv,300.0,600.0,400.0,"0,25",,"0,14",,"0,56",
bb_dp_combinacoes_1000_nwp.csv,300.0,600.0,500.0,"0,51",,"0,41",,"0,8",
bb_dp_combinacoes_1000_nwp.csv,300.0,600.0,600.0,"0,5",,"0,18",,"0,35",
bb_dp_combinacoes_1000_nwp.csv,300.0,600.0,700.0,"0,48",,"0,32",,"0,67",
bb_dp_combinacoes_1000_nwp.csv,300.0,600.0,800.0,"0,57",,"0,16",,"0,29",
bb_dp_combinacoes_1000_nwp.csv,300.0,600.0,900.0,"0,55",,"0,13",,"0,24",
bb_dp_combinacoes_1000_nwp.csv,300.0,600.0,1000.0,"0,54",,"0,28",,"0,52",
bb_dp_combinacoes_1000_nwp.csv,300.0,700.0,100.0,"0,088",,"0,23",,"2,6547",
bb_dp_combinacoes_1000_nwp.csv,300.0,700.0,200.0,"0,17",,"0,24",,"1,4808",
bb_dp_combinacoes_1000_nwp.csv,300.0,700.0,300.0,"0,29",,"0,52",,"1,8003",
bb_dp_combinacoes_1000_nwp.csv,300.0,700.0,400.0,"0,38",,"0,17",,"0,46",
bb_dp_combinacoes_1000_nwp.csv,300.0,700.0,500.0,"0,56",,"0,27",,"0,47",
bb_dp_combinacoes_1000_nwp.csv,300.0,700.0,600.0,"0,59",,"0,21",,"0,36",
bb_dp_combinacoes_1000_nwp.csv,300.0,700.0,700.0,"0,61",,"0,2",,"0,33",
bb_dp_combinacoes_1000_nwp.csv,300.0,700.0,800.0,"0,63",,"0,28",,"0,45",
bb_dp_combinacoes_1000_nwp.csv,300.0,700.0,900.0,"0,54",,"0,26",,"0,48",
bb_dp_combinacoes_1000_nwp.csv,300.0,700.0,1000.0,"0,47",,"0,19",,"0,41",
bb_dp_combinacoes_1000_nwp.csv,300.0,800.0,100.0,"0,11",,"0,18",,"1,6519",
bb_dp_combinacoes_1000_nwp.csv,300.0,800.0,200.0,"0,21",,"0,19",,"0,91",
bb_dp_combinacoes_1000_nwp.csv,300.0,800.0,300.0,"0,33",,"0,23",,"0,69",
bb_dp_combinacoes_1000_nwp.csv,300.0,800.0,400.0,"0,41",,"0,16",,"0,4",
bb_dp_combinacoes_1000_nwp.csv,300.0,800.0,500.0,"0,59",,"0,18",,"0,3",
bb_dp_combinacoes_1000_nwp.csv,300.0,800.0,600.0,"0,67",,"0,24",,"0,36",
bb_dp_combinacoes_1000_nwp.csv,300.0,800.0,700.0,"0,54",,"0,24",,"0,45",
bb_dp_combinacoes_1000_nwp.csv,300.0,800.0,800.0,"0,61",,"0,19",,"0,31",
bb_dp_combinacoes_1000_nwp.csv,300.0,800.0,900.0,"0,63",,"0,26",,"0,41",
bb_dp_combinacoes_1000_nwp.csv,300.0,800.0,1000.0,"0,59",,"0,32",,"0,53",
bb_dp_combinacoes_1000_nwp.csv,300.0,900.0,100.0,"0,1",,"0,16",,"1,5578",
bb_dp_combinacoes_1000_nwp.csv,300.0,900.0,200.0,"0,24",,"0,13",,"0,53",
bb_dp_combinacoes_1000_nwp.csv,300.0,900.0,300.0,"0,36",,"0,13",,"0,35",
bb_dp_combinacoes_1000_nwp.csv,300.0,900.0,400.0,"0,82",,"0,35",,"0,43",
bb_dp_combinacoes_1000_nwp.csv,300.0,900.0,500.0,"0,48",,"0,33",,"0,69",
bb_dp_combinacoes_1000_nwp.csv,300.0,900.0,600.0,"0,6",,"0,36",,"0,6",
bb_dp_combinacoes_1000_nwp.csv,300.0,900.0,700.0,"0,57",,"0,2",,"0,34",
bb_dp_combinacoes_1000_nwp.csv,300.0,900.0,800.0,"0,54",,"0,23",,"0,41",
bb_dp_combinacoes_1000_nwp.csv,300.0,900.0,900.0,"0,49",,"0,13",,"0,27",
bb_dp_combinacoes_1000_nwp.csv,300.0,900.0,1000.0,"0,51",,"0,19",,"0,37",
bb_dp_combinacoes_1000_nwp.csv,300.0,1000.0,100.0,"0,12",,"0,1",,"0,87",
bb_dp_combinacoes_1000_nwp.csv,300.0,1000.0,200.0,"0,25",,"0,12",,"0,49",
bb_dp_combinacoes_1000_nwp.csv,300.0,1000.0,300.0,"0,44",,"0,2",,"0,45",
bb_dp_combinacoes_1000_nwp.csv,300.0,1000.0,400.0,"0,55",,"0,89",,"1,6086",
bb_dp_combinacoes_1000_nwp.csv,300.0,1000.0,500.0,"0,59",,"0,26",,"0,45",
bb_dp_combinacoes_1000_nwp.csv,300.0,1000.0,600.0,"0,55",,"0,38",,"0,69",
bb_dp_combinacoes_1000_nwp.csv,300.0,1000.0,700.0,"0,49",,"0,26",,"0,53",
bb_dp_combinacoes_1000_nwp.csv,300.0,1000.0,800.0,"0,54",,"0,22",,"0,42",
bb_dp_combinacoes_1000_nwp.csv,300.0,1000.0,900.0,"0,52",,"0,36",,"0,68",
bb_dp_combinacoes_1000_nwp.csv,300.0,1000.0,1000.0,"0,51",,"0,22",,"0,43",
bb_dp_combinacoes_1000_nwp.csv,400.0,100.0,100.0,"0,026",,"2,1572",,"83,9350",
bb_dp_combinacoes_1000_nwp.csv,400.0,100.0,200.0,"0,05",,"2,0898",,"41,9993",
bb_dp_combinacoes_1000_nwp.csv,400.0,100.0,300.0,"0,071",,"1,2586",,"17,7736",
bb_dp_combinacoes_1000_nwp.csv,400.0,100.0,400.0,"0,095",,"1,1004",,"11,5289",
bb_dp_combinacoes_1000_nwp.csv,400.0,100.0,500.0,"0,14",,"2,3286",,"16,7159",
bb_dp_combinacoes_1000_nwp.csv,400.0,100.0,600.0,"0,16",,"0,94",,"6,0601",
bb_dp_combinacoes_1000_nwp.csv,400.0,100.0,700.0,"0,22",,"4,9653",,"22,9314",
bb_dp_combinacoes_1000_nwp.csv,400.0,100.0,800.0,"0,21",,"0,58",,"2,7768",
bb_dp_combinacoes_1000_nwp.csv,400.0,100.0,900.0,"0,28",,"1,9584",,"6,9067",
bb_dp_combinacoes_1000_nwp.csv,400.0,100.0,1000.0,"0,27",,"1,1814",,"4,2961",
bb_dp_combinacoes_1000_nwp.csv,400.0,200.0,100.0,"0,051",,"1,1150",,"21,8985",
bb_dp_combinacoes_1000_nwp.csv,400.0,200.0,200.0,"0,093",,"2,9773",,"32,0723",
bb_dp_combinacoes_1000_nwp.csv,400.0,200.0,300.0,"0,15",,"1,5905",,"10,3192",
bb_dp_combinacoes_1000_nwp.csv,400.0,200.0,400.0,"0,19",,"1,7568",,"9,0851",
bb_dp_combinacoes_1000_nwp.csv,400.0,200.0,500.0,"0,27",,"1,1089",,"4,1322",
bb_dp_combinacoes_1000_nwp.csv,400.0,200.0,600.0,"0,36",,"1,2269",,"3,4190",
bb_dp_combinacoes_1000_nwp.csv,400.0,200.0,700.0,"0,46",,"3,7707",,"8,1716",
bb_dp_combinacoes_1000_nwp.csv,400.0,200.0,800.0,"0,47",,"2,4017",,"5,1371",
bb_dp_combinacoes_1000_nwp.csv,400.0,200.0,900.0,"0,56",,"2,4411",,"4,3245",
bb_dp_combinacoes_1000_nwp.csv,400.0,200.0,1000.0,"0,56",,"1,7682",,"3,1306",
bb_dp_combinacoes_1000_nwp.csv,400.0,300.0,100.0,"0,066",,"2,4501",,"37,1153",
bb_dp_combinacoes_1000_nwp.csv,400.0,300.0,200.0,"0,14",,"1,0637",,"7,7071",
bb_dp_combinacoes_1000_nwp.csv,400.0,300.0,300.0,"0,19",,"1,5960",,"8,3753",
bb_dp_combinacoes_1000_nwp.csv,400.0,300.0,400.0,"0,3",,"1,8995",,"6,2648",
bb_dp_combinacoes_1000_nwp.csv,400.0,300.0,500.0,"0,38",,"1,0178",,"2,6832",
bb_dp_combinacoes_1000_nwp.csv,400.0,300.0,600.0,"0,47",,"1,3050",,"2,7585",
bb_dp_combinacoes_1000_nwp.csv,400.0,300.0,700.0,"0,56",,"0,88",,"1,5712",
bb_dp_combinacoes_1000_nwp.csv,400.0,300.0,800.0,"0,81",,"4,6286",,"5,7140",
bb_dp_combinacoes_1000_nwp.csv,400.0,300.0,900.0,"0,82",,"1,2169",,"1,4821",
bb_dp_combinacoes_1000_nwp.csv,400.0,300.0,1000.0,"0,78",,"0,98",,"1,2644",
bb_dp_combinacoes_1000_nwp.csv,400.0,400.0,100.0,"0,089",,"1,9977",,"22,5048",
bb_dp_combinacoes_1000_nwp.csv,400.0,400.0,200.0,"0,18",,"2,5290",,"13,9857",
bb_dp_combinacoes_1000_nwp.csv,400.0,400.0,300.0,"0,25",,"1,4675",,"5,9025",
bb_dp_combinacoes_1000_nwp.csv,400.0,400.0,400.0,"0,48",,"2,8695",,"6,0134",
bb_dp_combinacoes_1000_nwp.csv,400.0,400.0,500.0,"0,54",,"0,74",,"1,3530",
bb_dp_combinacoes_1000_nwp.csv,400.0,400.0,600.0,"0,61",,"0,72",,"1,1839",
bb_dp_combinacoes_1000_nwp.csv,400.0,400.0,700.0,"0,91",,"3,1818",,"3,4786",
bb_dp_combinacoes_1000_nwp.csv,400.0,400.0,800.0,"0,89",,"1,5495",,"1,7420",
bb_dp_combinacoes_1000_nwp.csv,400.0,400.0,900.0,"0,98",,"2,5155",,"2,5700",
bb_dp_combinacoes_1000_nwp.csv,400.0,400.0,1000.0,"0,94",,"3,0397",,"3,2507",
bb_dp_combinacoes_1000_nwp.csv,400.0,500.0,100.0,"0,11",,"3,1536",,"27,4614",
bb_dp_combinacoes_1000_nwp.csv,400.0,500.0,200.0,"0,2",,"0,61",,"3,1202",
bb_dp_combinacoes_1000_nwp.csv,400.0,500.0,300.0,"0,42",,"3,6984",,"8,7679",
bb_dp_combinacoes_1000_nwp.csv,400.0,500.0,400.0,"0,61",,"2,6902",,"4,4145",
bb_dp_combinacoes_1000_nwp.csv,400.0,500.0,500.0,"0,84",,"1,8524",,"2,1950",
bb_dp_combinacoes_1000_nwp.csv,400.0,500.0,600.0,"1,1417",,"2,4138",,"2,1143",
bb_dp_combinacoes_1000_nwp.csv,400.0,500.0,700.0,"1,0443",,"1,8632",,"1,7841",
bb_dp_combinacoes_1000_nwp.csv,400.0,500.0,800.0,"1,0018",,"2,8501",,"2,8450",
bb_dp_combinacoes_1000_nwp.csv,400.0,500.0,900.0,"0,91",,"5,7782",,"6,3835",
bb_dp_combinacoes_1000_nwp.csv,400.0,500.0,1000.0,"0,83",,"2,6464",,"3,1872",
bb_dp_combinacoes_1000_nwp.csv,400.0,600.0,100.0,"0,12",,"0,59",,"4,9061",
bb_dp_combinacoes_1000_nwp.csv,400.0,600.0,200.0,"0,29",,"1,5432",,"5,2969",
bb_dp_combinacoes_1000_nwp.csv,400.0,600.0,300.0,"0,51",,"1,2243",,"2,4112",
bb_dp_combinacoes_1000_nwp.csv,400.0,600.0,400.0,"0,75",,"1,8222",,"2,4304",
bb_dp_combinacoes_1000_nwp.csv,400.0,600.0,500.0,"0,96",,"2,0166",,"2,0977",
bb_dp_combinacoes_1000_nwp.csv,400.0,600.0,600.0,"1,0766",,"5,1376",,"4,7722",
bb_dp_combinacoes_1000_nwp.csv,400.0,600.0,700.0,"0,96",,"2,0302",,"2,1039",
bb_dp_combinacoes_1000_nwp.csv,400.0,600.0,800.0,1,,"1,5483",,"1,5517",
bb_dp_combinacoes_1000_nwp.csv,400.0,600.0,900.0,"0,79",,"1,4670",,"1,8653",
bb_dp_combinacoes_1000_nwp.csv,400.0,600.0,1000.0,"0,79",,"2,8484",,"3,6236",
bb_dp_combinacoes_1000_nwp.csv,400.0,700.0,100.0,"0,15",,"1,0433",,"6,9177",
bb_dp_combinacoes_1000_nwp.csv,400.0,700.0,200.0,"0,4",,"1,2543",,"3,1636",
bb_dp_combinacoes_1000_nwp.csv,400.0,700.0,300.0,"0,62",,"2,7630",,"4,4483",
bb_dp_combinacoes_1000_nwp.csv,400.0,700.0,400.0,"0,98",,"1,4579",,"1,4909",
bb_dp_combinacoes_1000_nwp.csv,400.0,700.0,500.0,"1,1344",,"2,8476",,"2,5103",
bb_dp_combinacoes_1000_nwp.csv,400.0,700.0,600.0,"0,85",,"4,7646",,"5,6379",
bb_dp_combinacoes_1000_nwp.csv,400.0,700.0,700.0,"0,88",,"1,3822",,"1,5743",
bb_dp_combinacoes_1000_nwp.csv,400.0,700.0,800.0,"0,78",,"1,1262",,"1,4381",
bb_dp_combinacoes_1000_nwp.csv,400.0,700.0,900.0,"0,78",,"2,1577",,"2,7561",
bb_dp_combinacoes_1000_nwp.csv,400.0,700.0,1000.0,"0,77",,"1,8880",,"2,4481",
bb_dp_combinacoes_1000_nwp.csv,400.0,800.0,100.0,"0,19",,"3,0561",,"16,2522",
bb_dp_combinacoes_1000_nwp.csv,400.0,800.0,200.0,"0,43",,"1,9599",,"4,5269",
bb_dp_combinacoes_1000_nwp.csv,400.0,800.0,300.0,"0,81",,"2,1079",,"2,6015",
bb_dp_combinacoes_1000_nwp.csv,400.0,800.0,400.0,"1,1248",,"1,5987",,"1,4213",
bb_dp_combinacoes_1000_nwp.csv,400.0,800.0,500.0,"1,1060",,"2,9059",,"2,6275",
bb_dp_combinacoes_1000_nwp.csv,400.0,800.0,600.0,"0,86",,"2,4674",,"2,8707",
bb_dp_combinacoes_1000_nwp.csv,400.0,800.0,700.0,"0,8",,"2,7437",,"3,4404",
bb_dp_combinacoes_1000_nwp.csv,400.0,800.0,800.0,"0,75",,"3,0910",,"4,1416",
bb_dp_combinacoes_1000_nwp.csv,400.0,800.0,900.0,"0,69",,"4,1802",,"6,0792",
bb_dp_combinacoes_1000_nwp.csv,400.0,800.0,1000.0,"0,68",,"4,7839",,"7,0028",
bb_dp_combinacoes_1000_nwp.csv,400.0,900.0,100.0,"0,2",,"1,9002",,"9,4211",
bb_dp_combinacoes_1000_nwp.csv,400.0,900.0,200.0,"0,61",,"1,4926",,"2,4516",
bb_dp_combinacoes_1000_nwp.csv,400.0,900.0,300.0,"1,1193",,"3,2128",,"2,8703",
bb_dp_combinacoes_1000_nwp.csv,400.0,900.0,400.0,"1,0404",,"4,2320",,"4,0677",
bb_dp_combinacoes_1000_nwp.csv,400.0,900.0,500.0,"0,88",,"1,8938",,"2,1443",
bb_dp_combinacoes_1000_nwp.csv,400.0,900.0,600.0,"0,99",,"2,3849",,"2,4147",
bb_dp_combinacoes_1000_nwp.csv,400.0,900.0,700.0,"0,84",,"1,0545",,"1,2498",
bb_dp_combinacoes_1000_nwp.csv,400.0,900.0,800.0,"0,69",,"1,0041",,"1,4500",
bb_dp_combinacoes_1000_nwp.csv,400.0,900.0,900.0,"0,73",,"3,3787",,"4,6210",
bb_dp_combinacoes_1000_nwp.csv,400.0,900.0,1000.0,"0,67",,"0,75",,"1,1289",
bb_dp_combinacoes_1000_nwp.csv,400.0,1000.0,100.0,"0,23",,"1,3522",,"5,8244",
bb_dp_combinacoes_1000_nwp.csv,400.0,1000.0,200.0,"0,68",,"2,3962",,"3,5009",
bb_dp_combinacoes_1000_nwp.csv,400.0,1000.0,300.0,"1,1987",,"4,0283",,"3,3607",
bb_dp_combinacoes_1000_nwp.csv,400.0,1000.0,400.0,"1,1066",,"1,6333",,"1,4760",
bb_dp_combinacoes_1000_nwp.csv,400.0,1000.0,500.0,"0,95",,"1,1835",,"1,2399",
bb_dp_combinacoes_1000_nwp.csv,400.0,1000.0,600.0,"0,76",,"6,3877",,"8,4337",
bb_dp_combinacoes_1000_nwp.csv,400.0,1000.0,700.0,"0,69",,"1,6378",,"2,3872",
bb_dp_combinacoes_1000_nwp.csv,400.0,1000.0,800.0,"0,71",,"3,0712",,"4,3489",
bb_dp_combinacoes_1000_nwp.csv,400.0,1000.0,900.0,"0,69",,"3,4368",,"5,0095",
bb_dp_combinacoes_1000_nwp.csv,400.0,1000.0,1000.0,"0,72",,"2,2721",,"3,1471",
bb_dp_combinacoes_1000_nwp.csv,500.0,100.0,100.0,"0,038",,"14,0616",,"368,4245",
bb_dp_combinacoes_1000_nwp.csv,500.0,100.0,200.0,"0,068",,"4,2775",,"62,4669",
bb_dp_combinacoes_1000_nwp.csv,500.0,100.0,300.0,"0,11",,"8,8323",,"80,9569",
bb_dp_combinacoes_1000_nwp.csv,500.0,100.0,400.0,"0,15",,"6,0325",,"40,2413",
bb_dp_combinacoes_1000_nwp.csv,500.0,100.0,500.0,"0,2",,"6,6534",,"33,9659",
bb_dp_combinacoes_1000_nwp.csv,500.0,100.0,600.0,"0,24",,"5,4477",,"22,3242",
bb_dp_combinacoes_1000_nwp.csv,500.0,100.0,700.0,"0,29",,"4,1769",,"14,4694",
bb_dp_combinacoes_1000_nwp.csv,500.0,100.0,800.0,"0,36",,"5,8636",,"16,2316",
bb_dp_combinacoes_1000_nwp.csv,500.0,100.0,900.0,"0,45",,"13,4227",,"30,0220",
bb_dp_combinacoes_1000_nwp.csv,500.0,100.0,1000.0,"0,44",,"6,8071",,"15,3227",
bb_dp_combinacoes_1000_nwp.csv,500.0,200.0,100.0,"0,066",,"8,3585",,"126,4869",
bb_dp_combinacoes_1000_nwp.csv,500.0,200.0,200.0,"0,13",,"9,3742",,"72,1055",
bb_dp_combinacoes_1000_nwp.csv,500.0,200.0,300.0,"0,24",,"25,4379",,"105,6381",
bb_dp_combinacoes_1000_nwp.csv,500.0,200.0,400.0,"0,34",,"5,5479",,"16,2162",
bb_dp_combinacoes_1000_nwp.csv,500.0,200.0,500.0,"0,47",,"36,7561",,"78,2117",
bb_dp_combinacoes_1000_nwp.csv,500.0,200.0,600.0,"0,55",,"8,5761",,"15,5535",
bb_dp_combinacoes_1000_nwp.csv,500.0,200.0,700.0,"0,62",,"9,8578",,"16,0262",
bb_dp_combinacoes_1000_nwp.csv,500.0,200.0,800.0,"0,68",,"14,2891",,"21,1360",
bb_dp_combinacoes_1000_nwp.csv,500.0,200.0,900.0,"0,79",,"10,7653",,"13,6509",
bb_dp_combinacoes_1000_nwp.csv,500.0,200.0,1000.0,"0,92",,"7,4009",,"8,0260",
bb_dp_combinacoes_1000_nwp.csv,500.0,300.0,100.0,"0,096",,"5,8481",,"60,8126",
bb_dp_combinacoes_1000_nwp.csv,500.0,300.0,200.0,"0,19",,"12,2497",,"63,7072",
bb_dp_combinacoes_1000_nwp.csv,500.0,300.0,300.0,"0,31",,"8,4851",,"26,9528",
bb_dp_combinacoes_1000_nwp.csv,500.0,300.0,400.0,"0,42",,"7,7413",,"18,6352",
bb_dp_combinacoes_1000_nwp.csv,500.0,300.0,500.0,"0,59",,"5,7299",,"9,6362",
bb_dp_combinacoes_1000_nwp.csv,500.0,300.0,600.0,"0,89",,"12,2614",,"13,7047",
bb_dp_combinacoes_1000_nwp.csv,500.0,300.0,700.0,"1,0144",,"11,5783",,"11,4138",
bb_dp_combinacoes_1000_nwp.csv,500.0,300.0,800.0,"1,2096",,"12,6304",,"10,4418",
bb_dp_combinacoes_1000_nwp.csv,500.0,300.0,900.0,"1,1662",,"8,8589",,"7,5963",
bb_dp_combinacoes_1000_nwp.csv,500.0,300.0,1000.0,"1,4383",,"7,1127",,"4,9452",
bb_dp_combinacoes_1000_nwp.csv,500.0,400.0,100.0,"0,15",,"9,2591",,"61,8945",
bb_dp_combinacoes_1000_nwp.csv,500.0,400.0,200.0,"0,24",,"13,1301",,"54,3789",
bb_dp_combinacoes_1000_nwp.csv,500.0,400.0,300.0,"0,43",,"8,5812",,"20,0963",
bb_dp_combinacoes_1000_nwp.csv,500.0,400.0,400.0,"0,8",,"22,3459",,"28,0038",
bb_dp_combinacoes_1000_nwp.csv,500.0,400.0,500.0,"0,92",,"15,7926",,"17,1469",
bb_dp_combinacoes_1000_nwp.csv,500.0,400.0,600.0,"1,5146",,"13,8832",,"9,1664",
bb_dp_combinacoes_1000_nwp.csv,500.0,400.0,700.0,"1,6464",,"10,4365",,"6,3391",
bb_dp_combinacoes_1000_nwp.csv,500.0,400.0,800.0,"1,6715",,"15,9475",,"9,5408",
bb_dp_combinacoes_1000_nwp.csv,500.0,400.0,900.0,"1,3162",,"40,6879",,"30,9135",
bb_dp_combinacoes_1000_nwp.csv,500.0,400.0,1000.0,"1,3063",,"5,5900",,"4,2792",
bb_dp_combinacoes_1000_nwp.csv,500.0,500.0,100.0,"0,16",,"5,1398",,"32,0409",
bb_dp_combinacoes_1000_nwp.csv,500.0,500.0,200.0,"0,33",,"11,4339",,"34,3513",
bb_dp_combinacoes_1000_nwp.csv,500.0,500.0,300.0,"0,7",,"13,9355",,"19,8016",
bb_dp_combinacoes_1000_nwp.csv,500.0,500.0,400.0,"1,1554",,"12,8924",,"11,1584",
bb_dp_combinacoes_1000_nwp.csv,500.0,500.0,500.0,"1,5682",,"19,4127",,"12,3791",
bb_dp_combinacoes_1000_nwp.csv,500.0,500.0,600.0,"1,6946",,"21,6599",,"12,7817",
bb_dp_combinacoes_1000_nwp.csv,500.0,500.0,700.0,"1,5848",,"7,9700",,"5,0290",
bb_dp_combinacoes_1000_nwp.csv,500.0,500.0,800.0,"1,2808",,"15,7529",,"12,2993",
bb_dp_combinacoes_1000_nwp.csv,500.0,500.0,900.0,"1,2909",,"3,3112",,"2,5651",
bb_dp_combinacoes_1000_nwp.csv,500.0,500.0,1000.0,"0,92",,"14,2039",,"15,4190",
bb_dp_combinacoes_1000_nwp.csv,500.0,600.0,100.0,"0,19",,"3,6114",,"18,5212",
bb_dp_combinacoes_1000_nwp.csv,500.0,600.0,200.0,"0,47",,"12,7304",,"26,9022",
bb_dp_combinacoes_1000_nwp.csv,500.0,600.0,300.0,"1,0482",,"18,5330",,"17,6815",
bb_dp_combinacoes_1000_nwp.csv,500.0,600.0,400.0,"1,3613",,"10,3307",,"7,5890",
bb_dp_combinacoes_1000_nwp.csv,500.0,600.0,500.0,"1,5963",,"15,1445",,"9,4875",
bb_dp_combinacoes_1000_nwp.csv,500.0,600.0,600.0,"1,3781",,"7,3303",,"5,3193",
bb_dp_combinacoes_1000_nwp.csv,500.0,600.0,700.0,"1,0075",,"25,4297",,"25,2399",
bb_dp_combinacoes_1000_nwp.csv,500.0,600.0,800.0,"1,0158",,"15,3009",,"15,0628",
bb_dp_combinacoes_1000_nwp.csv,500.0,600.0,900.0,"0,89",,"14,1046",,"15,8809",
bb_dp_combinacoes_1000_nwp.csv,500.0,600.0,1000.0,"0,98",,"5,1416",,"5,2624",
bb_dp_combinacoes_1000_nwp.csv,500.0,700.0,100.0,"0,21",,"10,6934",,"51,1395",
bb_dp_combinacoes_1000_nwp.csv,500.0,700.0,200.0,"0,62",,"18,5244",,"29,6423",
bb_dp_combinacoes_1000_nwp.csv,500.0,700.0,300.0,"1,0065",,"7,6961",,"7,6466",
bb_dp_combinacoes_1000_nwp.csv,500.0,700.0,400.0,"1,5555",,"10,7271",,"6,8963",
bb_dp_combinacoes_1000_nwp.csv,500.0,700.0,500.0,"1,3262",,"14,6021",,"11,0109",
bb_dp_combinacoes_1000_nwp.csv,500.0,700.0,600.0,"1,1603",,"7,1306",,"6,1457",
bb_dp_combinacoes_1000_nwp.csv,500.0,700.0,700.0,"0,96",,"18,4219",,"19,1574",
bb_dp_combinacoes_1000_nwp.csv,500.0,700.0,800.0,"0,82",,"8,8443",,"10,7532",
bb_dp_combinacoes_1000_nwp.csv,500.0,700.0,900.0,"0,88",,"8,8669",,"10,0209",
bb_dp_combinacoes_1000_nwp.csv,500.0,700.0,1000.0,"0,84",,"10,9850",,"13,0540",
bb_dp_combinacoes_1000_nwp.csv,500.0,800.0,100.0,"0,28",,"8,2294",,"29,8252",
bb_dp_combinacoes_1000_nwp.csv,500.0,800.0,200.0,"0,67",,"9,2182",,"13,6868",
bb_dp_combinacoes_1000_nwp.csv,500.0,800.0,300.0,"1,2807",,"12,2775",,"9,5867",
bb_dp_combinacoes_1000_nwp.csv,500.0,800.0,400.0,"1,5829",,"8,4192",,"5,3187",
bb_dp_combinacoes_1000_nwp.csv,500.0,800.0,500.0,"1,2756",,"8,0912",,"6,3430",
bb_dp_combinacoes_1000_nwp.csv,500.0,800.0,600.0,"0,99",,"38,0779",,"38,4999",
bb_dp_combinacoes_1000_nwp.csv,500.0,800.0,700.0,"0,9",,"40,3814",,"44,7779",
bb_dp_combinacoes_1000_nwp.csv,500.0,800.0,800.0,"0,91",,"11,5624",,"12,7152",
bb_dp_combinacoes_1000_nwp.csv,500.0,800.0,900.0,"0,81",,"15,2987",,"18,8348",
bb_dp_combinacoes_1000_nwp.csv,500.0,800.0,1000.0,"0,77",,"6,6700",,"8,6655",
bb_dp_combinacoes_1000_nwp.csv,500.0,900.0,100.0,"0,28",,"8,4290",,"29,9115",
bb_dp_combinacoes_1000_nwp.csv,500.0,900.0,200.0,"0,96",,"9,7196",,"10,1086",
bb_dp_combinacoes_1000_nwp.csv,500.0,900.0,300.0,"1,3092",,"5,3327",,"4,0732",
bb_dp_combinacoes_1000_nwp.csv,500.0,900.0,400.0,"1,3364",,"17,2054",,"12,8744",
bb_dp_combinacoes_1000_nwp.csv,500.0,900.0,500.0,"0,95",,"9,7186",,"10,2181",
bb_dp_combinacoes_1000_nwp.csv,500.0,900.0,600.0,"0,92",,"6,2537",,"6,8158",
bb_dp_combinacoes_1000_nwp.csv,500.0,900.0,700.0,"0,89",,"5,8206",,"6,5622",
bb_dp_combinacoes_1000_nwp.csv,500.0,900.0,800.0,"0,81",,"8,6243",,"10,6613",
bb_dp_combinacoes_1000_nwp.csv,500.0,900.0,900.0,"0,81",,"14,4067",,"17,7034",
bb_dp_combinacoes_1000_nwp.csv,500.0,900.0,1000.0,"0,78",,"6,8448",,"8,8120",
bb_dp_combinacoes_1000_nwp.csv,500.0,1000.0,100.0,"0,34",,"4,6274",,"13,4747",
bb_dp_combinacoes_1000_nwp.csv,500.0,1000.0,200.0,"1,0458",,"11,2168",,"10,7256",
bb_dp_combinacoes_1000_nwp.csv,500.0,1000.0,300.0,"1,6041",,"8,4143",,"5,2455",
bb_dp_combinacoes_1000_nwp.csv,500.0,1000.0,400.0,"1,3586",,"7,0476",,"5,1875",
bb_dp_combinacoes_1000_nwp.csv,500.0,1000.0,500.0,"1,0442",,"35,2125",,"33,7207",
bb_dp_combinacoes_1000_nwp.csv,500.0,1000.0,600.0,"0,88",,"15,0209",,"16,9791",
bb_dp_combinacoes_1000_nwp.csv,500.0,1000.0,700.0,"0,89",,"13,5227",,"15,1599",
bb_dp_combinacoes_1000_nwp.csv,500.0,1000.0,800.0,"0,79",,"6,6496",,"8,4626",
bb_dp_combinacoes_1000_nwp.csv,500.0,1000.0,900.0,"0,78",,"7,5721",,"9,6724",
bb_dp_combinacoes_1000_nwp.csv,500.0,1000.0,1000.0,"0,81",,"10,6665",,"13,1492",
bb_dp_combinacoes_1000_nwp.csv,600.0,100.0,100.0,"0,05",,"26,4040",,"524,7425",
bb_dp_combinacoes_1000_nwp.csv,600.0,100.0,200.0,"0,098",,"24,1185",,"246,4757",
bb_dp_combinacoes_1000_nwp.csv,600.0,100.0,300.0,"0,15",,"14,3139",,"93,8858",
bb_dp_combinacoes_1000_nwp.csv,600.0,100.0,400.0,"0,2",,"41,6154",,"203,4961",
bb_dp_combinacoes_1000_nwp.csv,600.0,100.0,500.0,"0,31",,"95,1528",,"310,1112",
bb_dp_combinacoes_1000_nwp.csv,600.0,100.0,600.0,"0,36",,"23,9816",,"66,5026",
bb_dp_combinacoes_1000_nwp.csv,600.0,100.0,700.0,"0,44",,"34,8856",,"78,7311",
bb_dp_combinacoes_1000_nwp.csv,600.0,100.0,800.0,"0,48",,"26,7437",,"55,6050",
bb_dp_combinacoes_1000_nwp.csv,600.0,100.0,900.0,"0,55",,"39,6873",,"72,4444",
bb_dp_combinacoes_1000_nwp.csv,600.0,100.0,1000.0,"0,63",,"20,3059",,"32,0117",
bb_dp_combinacoes_1000_nwp.csv,600.0,200.0,100.0,"0,097",,"39,5509",,"409,4038",
bb_dp_combinacoes_1000_nwp.csv,600.0,200.0,200.0,"0,19",,"47,3387",,"254,1229",
bb_dp_combinacoes_1000_nwp.csv,600.0,200.0,300.0,"0,29",,"34,6856",,"119,1612",
bb_dp_combinacoes_1000_nwp.csv,600.0,200.0,400.0,"0,46",,"38,0121",,"83,1087",
bb_dp_combinacoes_1000_nwp.csv,600.0,200.0,500.0,"0,57",,"31,1352",,"54,4989",
bb_dp_combinacoes_1000_nwp.csv,600.0,200.0,600.0,"0,7",,"42,1372",,"60,2745",
bb_dp_combinacoes_1000_nwp.csv,600.0,200.0,700.0,"0,88",,"104,5834",,"119,0362",
bb_dp_combinacoes_1000_nwp.csv,600.0,200.0,800.0,1,,"58,2079",,"58,4575",
bb_dp_combinacoes_1000_nwp.csv,600.0,200.0,900.0,"1,1512",,"44,8519",,"38,9620",
bb_dp_combinacoes_1000_nwp.csv,600.0,200.0,1000.0,"1,6900",,"60,9353",,"36,0563",
bb_dp_combinacoes_1000_nwp.csv,600.0,300.0,100.0,"0,17",,"31,5288",,"183,9931",
bb_dp_combinacoes_1000_nwp.csv,600.0,300.0,200.0,"0,37",,"57,7481",,"156,0038",
bb_dp_combinacoes_1000_nwp.csv,600.0,300.0,300.0,"0,61",,"72,6305",,"119,7676",
bb_dp_combinacoes_1000_nwp.csv,600.0,300.0,400.0,"0,98",,"47,8638",,"48,7742",
bb_dp_combinacoes_1000_nwp.csv,600.0,300.0,500.0,"1,7347",,"62,0906",,"35,7939",
bb_dp_combinacoes_1000_nwp.csv,600.0,300.0,600.0,"1,7044",,"40,0230",,"23,4825",
bb_dp_combinacoes_1000_nwp.csv,600.0,300.0,700.0,"2,2582",,"39,3333",,"17,4176",
bb_dp_combinacoes_1000_nwp.csv,600.0,300.0,800.0,"2,0108",,"31,4245",,"15,6281",
bb_dp_combinacoes_1000_nwp.csv,600.0,300.0,900.0,"2,4171",,"70,4907",,"29,1636",
bb_dp_combinacoes_1000_nwp.csv,600.0,300.0,1000.0,"2,5245",,"36,2614",,"14,3641",
bb_dp_combinacoes_1000_nwp.csv,600.0,400.0,100.0,"0,24",,"55,4264",,"234,9506",
bb_dp_combinacoes_1000_nwp.csv,600.0,400.0,200.0,"0,41",,"44,1759",,"108,1207",
bb_dp_combinacoes_1000_nwp.csv,600.0,400.0,300.0,"0,78",,"34,9538",,"44,5272",
bb_dp_combinacoes_1000_nwp.csv,600.0,400.0,400.0,"1,3610",,"72,1840",,"53,0362",
bb_dp_combinacoes_1000_nwp.csv,600.0,400.0,500.0,"1,8359",,"31,4955",,"17,1556",
bb_dp_combinacoes_1000_nwp.csv,600.0,400.0,600.0,"2,3785",,"61,0161",,"25,6529",
bb_dp_combinacoes_1000_nwp.csv,600.0,400.0,700.0,"2,6167",,"30,9150",,"11,8145",
bb_dp_combinacoes_1000_nwp.csv,600.0,400.0,800.0,"1,9562",,"53,7969",,"27,5005",
bb_dp_combinacoes_1000_nwp.csv,600.0,400.0,900.0,"1,7277",,"41,8528",,"24,2246",
bb_dp_combinacoes_1000_nwp.csv,600.0,400.0,1000.0,"1,3515",,"116,9822",,"86,5585",
bb_dp_combinacoes_1000_nwp.csv,600.0,500.0,100.0,"0,29",,"71,0549",,"242,9441",
bb_dp_combinacoes_1000_nwp.csv,600.0,500.0,200.0,"0,76",,"42,7475",,"55,9319",
bb_dp_combinacoes_1000_nwp.csv,600.0,500.0,300.0,"1,7936",,"68,3182",,"38,0892",
bb_dp_combinacoes_1000_nwp.csv,600.0,500.0,400.0,"1,4869",,"32,2375",,"21,6808",
bb_dp_combinacoes_1000_nwp.csv,600.0,500.0,500.0,"3,7593",,"75,1382",,"19,9875",
bb_dp_combinacoes_1000_nwp.csv,600.0,500.0,600.0,"3,8399",,"51,8783",,"13,5103",
bb_dp_combinacoes_1000_nwp.csv,600.0,500.0,700.0,"3,0138",,"78,6129",,"26,0844",
bb_dp_combinacoes_1000_nwp.csv,600.0,500.0,800.0,"2,4715",,"85,4282",,"34,5658",
bb_dp_combinacoes_1000_nwp.csv,600.0,500.0,900.0,"2,4444",,"77,3868",,"31,6586",
bb_dp_combinacoes_1000_nwp.csv,600.0,500.0,1000.0,"2,0079",,"113,0700",,"56,3124",
bb_dp_combinacoes_1000_nwp.csv,600.0,600.0,100.0,"0,36",,"71,2096",,"199,4434",
bb_dp_combinacoes_1000_nwp.csv,600.0,600.0,200.0,"0,73",,"20,6221",,"28,3020",
bb_dp_combinacoes_1000_nwp.csv,600.0,600.0,300.0,"1,6691",,"33,1614",,"19,8680",
bb_dp_combinacoes_1000_nwp.csv,600.0,600.0,400.0,"2,3696",,"30,7710",,"12,9855",
bb_dp_combinacoes_1000_nwp.csv,600.0,600.0,500.0,"2,3598",,"21,4462",,"9,0881",
bb_dp_combinacoes_1000_nwp.csv,600.0,600.0,600.0,"2,1057",,"25,5415",,"12,1299",
bb_dp_combinacoes_1000_nwp.csv,600.0,600.0,700.0,"1,6799",,"64,9280",,"38,6488",
bb_dp_combinacoes_1000_nwp.csv,600.0,600.0,800.0,"1,6050",,"54,7629",,"34,1212",
bb_dp_combinacoes_1000_nwp.csv,600.0,600.0,900.0,"1,5163",,"148,0793",,"97,6560",
bb_dp_combinacoes_1000_nwp.csv,600.0,600.0,1000.0,"1,4329",,"39,0566",,"27,2569",
bb_dp_combinacoes_1000_nwp.csv,600.0,700.0,100.0,"0,35",,"47,5239",,"135,8787",
bb_dp_combinacoes_1000_nwp.csv,600.0,700.0,200.0,"1,8141",,"117,5000",,"64,7707",
bb_dp_combinacoes_1000_nwp.csv,600.0,700.0,300.0,"4,4628",,"130,5726",,"29,2578",
bb_dp_combinacoes_1000_nwp.csv,600.0,700.0,400.0,"5,7619",,"80,1018",,"13,9021",
bb_dp_combinacoes_1000_nwp.csv,600.0,700.0,500.0,"5,1228",,"61,7720",,"12,0582",
bb_dp_combinacoes_1000_nwp.csv,600.0,700.0,600.0,"3,1801",,"105,9125",,"33,3043",
bb_dp_combinacoes_1000_nwp.csv,600.0,700.0,700.0,"2,6351",,"34,9734",,"13,2720",
bb_dp_combinacoes_1000_nwp.csv,600.0,700.0,800.0,"1,9782",,"64,0058",,"32,3560",
bb_dp_combinacoes_1000_nwp.csv,600.0,700.0,900.0,"1,2461",,"75,5194",,"60,6025",
bb_dp_combinacoes_1000_nwp.csv,600.0,700.0,1000.0,"1,2327",,"71,2170",,"57,7718",
bb_dp_combinacoes_1000_nwp.csv,600.0,800.0,100.0,"0,42",,"40,2286",,"95,3419",
bb_dp_combinacoes_1000_nwp.csv,600.0,800.0,200.0,"3,1359",,"62,5806",,"19,9565",
bb_dp_combinacoes_1000_nwp.csv,600.0,800.0,300.0,"3,4758",,"162,8507",,"46,8530",
bb_dp_combinacoes_1000_nwp.csv,600.0,800.0,400.0,"5,2511",,"61,5179",,"11,7153",
bb_dp_combinacoes_1000_nwp.csv,600.0,800.0,500.0,"2,3775",,"68,3430",,"28,7454",
bb_dp_combinacoes_1000_nwp.csv,600.0,800.0,600.0,"2,4962",,"41,7214",,"16,7139",
bb_dp_combinacoes_1000_nwp.csv,600.0,800.0,700.0,"2,3925",,"56,5950",,"23,6548",
bb_dp_combinacoes_1000_nwp.csv,600.0,800.0,800.0,"1,1507",,"71,3471",,"62,0034",
bb_dp_combinacoes_1000_nwp.csv,600.0,800.0,900.0,"1,1362",,"59,5502",,"52,4110",
bb_dp_combinacoes_1000_nwp.csv,600.0,800.0,1000.0,"1,1346",,"64,5461",,"56,8908",
bb_dp_combinacoes_1000_nwp.csv,600.0,900.0,100.0,"0,83",,"40,9494",,"49,3295",
bb_dp_combinacoes_1000_nwp.csv,600.0,900.0,200.0,"3,6007",,"73,6068",,"20,4426",
bb_dp_combinacoes_1000_nwp.csv,600.0,900.0,300.0,"5,3336",,"107,7558",,"20,2030",
bb_dp_combinacoes_1000_nwp.csv,600.0,900.0,400.0,"4,0114",,"116,6464",,"29,0790",
bb_dp_combinacoes_1000_nwp.csv,600.0,900.0,500.0,"2,6696",,"73,5630",,"27,5560",
bb_dp_combinacoes_1000_nwp.csv,600.0,900.0,600.0,"3,1629",,"47,7786",,"15,1062",
bb_dp_combinacoes_1000_nwp.csv,600.0,900.0,700.0,"1,7467",,"39,7557",,"22,7604",
bb_dp_combinacoes_1000_nwp.csv,600.0,900.0,800.0,"1,1585",,"86,3059",,"74,5009",
bb_dp_combinacoes_1000_nwp.csv,600.0,900.0,900.0,"1,1584",,"49,8649",,"43,0451",
bb_dp_combinacoes_1000_nwp.csv,600.0,900.0,1000.0,"1,2109",,"75,2048",,"62,1068",
variacao_total.csv,100.0,100.0,100.0,"0,0027","0,0033","0,00069","1,2425","0,26","0,21"
variacao_total.csv,100.0,100.0,200.0,"0,0032","0,002","0,00039","0,61","0,12","0,2"
variacao_total.csv,100.0,100.0,300.0,"0,0028","0,0012","0,00041","0,44","0,15","0,34"
variacao_total.csv,100.0,100.0,400.0,"0,0031","0,0012","0,00042","0,39","0,14","0,35"
variacao_total.csv,100.0,100.0,500.0,"0,0047","0,0025","0,00048","0,54","0,1","0,19"
variacao_total.csv,100.0,100.0,600.0,"0,0051","0,0024","0,00055","0,47","0,11","0,23"
variacao_total.csv,100.0,100.0,700.0,"0,0047","0,0021","0,0004","0,46","0,084","0,18"
variacao_total.csv,100.0,100.0,800.0,"0,0063","0,0034","0,00069","0,53","0,11","0,2"
variacao_total.csv,100.0,100.0,900.0,"0,0071","0,0021","0,00047","0,3","0,067","0,22"
variacao_total.csv,100.0,100.0,1000.0,"0,01","0,0049","0,00069","0,47","0,066","0,14"
variacao_total.csv,100.0,200.0,100.0,"0,0032","0,002","0,00057","0,63","0,18","0,28"
variacao_total.csv,100.0,300.0,100.0,"0,0043","0,0021","0,00056","0,48","0,13","0,27"
variacao_total.csv,100.0,400.0,100.0,"0,0048","0,0024","0,00061","0,5","0,13","0,25"
variacao_total.csv,100.0,500.0,100.0,"0,006","0,0037","0,0006","0,63","0,1","0,16"
variacao_total.csv,100.0,600.0,100.0,"0,0043","0,0019","0,00042","0,44","0,098","0,22"
variacao_total.csv,100.0,700.0,100.0,"0,004","0,0018","0,00064","0,44","0,16","0,36"
variacao_total.csv,100.0,800.0,100.0,"0,0046","0,0019","0,0008","0,41","0,17","0,42"
variacao_total.csv,100.0,900.0,100.0,"0,0051","0,0019","0,00046","0,38","0,09","0,24"
variacao_total.csv,100.0,1000.0,100.0,"0,0055","0,002","0,00047","0,37","0,085","0,23"
variacao_total.csv,200.0,100.0,100.0,"0,012","0,14","0,021","10,9572","1,6962","0,15"
variacao_total.csv,300.0,100.0,100.0,"0,025","1,6639","0,3","67,7982","12,2808","0,18"
variacao_total.csv,400.0,100.0,100.0,"0,037","9,7834","0,93","266,6593","25,3897","0,095"
variacao_total.csv,500.0,100.0,100.0,"0,047","41,0252","3,9689","876,4353","84,7891","0,097"
variacao_total.csv,600.0,100.0,100.0,"0,073","1044,8849","62,8794","14343,8393","863,1875","0,06"
variacao_total.csv,700.0,100.0,100.0,"0,083","656,2358","83,8123","7916,5820","1011,0804","0,13"
variacao_total.csv,800.0,100.0,100.0,"0,077","1700,9790","172,2952","22064,2130","2234,9233","0,1"
variacao_total.csv,900.0,100.0,100.0,"0,071","4375,3063","211,6161","61772,8745","2987,7076","0,048"
